team_home,team_away,score_home,score_away,expected_goals_home,expected_goals_away,posession_home,posession_away,total_shots_home,total_shots_away,shots_on_target_home,shots_on_target_away,shots_off_target_home,shots_off_target_away,blocked_shots_home,blocked_shots_away,corner_kicks_home,corner_kicks_away,offsides_home,offsides_away,fouls_home,fouls_away,yellow_cards_home,yellow_cards_away,red_cards_home,red_cards_away,free_kicks_home,free_kicks_away,throw_ins_home,throw_ins_away,goal_kicks_home,goal_kicks_away,shots_inside_box_home,shots_inside_box_away,shots_outside_box_home,shots_outside_box_away,goalkeeper_saves_home,goalkeeper_saves_away,passes_home,passes_away,accurate_passes_home,accurate_passes_away,long_balls_home,long_balls_away,crosses_home,crosses_away,dribbles_home,dribbles_away,possesion_lost_home,possesion_lost_away,duels_won_home,duels_won_away,aerials_won_home,aerials_won_away,tackles_home,tackles_away,interceptions_home,interceptions_away,clearences_home,clearences_away
Curicó Unido,Colo Colo,0,1,0.07,2.31,32,68,5,20,1,8,4,5,0,7,1,4,2,4,8,9,1,1,1,0,8,6,26,20,13,6,0,10,5,10,7,1,271,579,179,494,66,55,10,18,11,12,131,131,29,33,4,11,11,8,5,8,23,8
Huachipato,Audax Italiano,2,0,1.34,0.45,64,36,12,13,5,4,4,6,3,3,10,11,2,0,9,12,2,3,0,1,12,9,25,27,8,11,2,1,0,1,0,1,431,242,353,144,56,67,35,18,14,12,137,140,45,35,13,9,12,12,7,4,19,28
Unión Española,Cobresal,1,0,1.09,0.54,65,35,26,9,7,2,10,5,9,2,6,3,2,3,19,7,3,1,0,0,7,19,17,17,6,15,4,0,4,0,2,0,628,339,552,268,47,54,19,13,22,23,128,124,59,66,18,14,18,19,3,11,24,24
Deportes Copiapó,Everton de Viña del Mar,2,0,1.21,0.59,36,64,10,12,4,2,6,5,0,5,2,8,2,1,9,10,3,4,0,0,9,9,17,29,11,10,1,1,0,1,4,6,240,423,154,321,81,81,9,20,6,13,128,147,35,35,11,9,13,9,7,2,28,13
Deportes Magallanes,Coquimbo Unido,2,3,1.62,1.82,57,43,13,15,4,7,3,8,6,0,11,4,6,2,9,5,2,2,0,0,5,9,17,14,18,11,2,2,1,1,0,3,481,367,399,292,85,71,23,20,15,10,133,113,34,32,9,11,10,6,5,1,16,20
O'Higgins,Palestino,0,1,0.62,0.47,54,46,11,6,1,1,5,4,5,1,6,8,2,1,13,13,4,5,0,0,11,12,27,30,12,9,0,1,0,2,0,1,268,226,176,139,70,61,11,13,13,10,131,136,44,38,4,12,20,11,6,5,16,15
Unión La Calera,Universidad Católica,0,3,1.57,2.1,32,68,8,14,2,8,5,5,1,1,2,4,0,1,13,10,2,4,1,0,9,13,24,21,9,13,1,1,1,1,0,1,217,480,162,428,48,44,10,18,12,16,85,91,36,38,10,9,13,10,7,4,13,13
Universidad de Chile,Ñublense,3,1,2.38,0.48,43,57,21,16,8,2,6,7,7,7,8,1,0,3,15,11,2,4,0,0,10,14,25,21,7,11,3,0,1,0,12,6,328,459,250,371,43,53,26,18,12,5,135,133,29,37,7,5,10,18,6,6,12,15
Coquimbo Unido,Unión La Calera,1,2,2.45,0.93,50,50,21,17,8,4,8,8,5,5,7,6,3,5,6,9,3,6,1,0,9,6,28,22,13,12,2,1,2,1,0,1,386,394,274,293,83,85,35,21,12,19,174,162,53,49,24,16,14,19,8,17,20,24
Audax Italiano,Deportes Magallanes,0,2,2.94,0.91,62,38,29,10,6,5,17,4,6,1,6,5,0,2,5,12,1,2,1,0,11,4,31,13,6,18,1,1,1,0,1,0,505,321,400,229,65,83,31,10,15,8,149,131,48,28,15,13,12,7,5,11,8,44
Palestino,Curicó Unido,4,0,1.76,1.07,56,44,14,11,6,2,4,6,4,3,7,2,2,4,12,8,2,3,0,0,8,10,22,18,11,7,4,1,0,1,7,4,468,369,385,278,51,69,28,12,16,10,138,128,44,38,14,6,12,16,6,9,9,26
Universidad Católica,Deportes Copiapó,2,2,3.38,0.97,61,39,13,9,5,5,5,2,3,2,8,3,1,1,11,14,4,2,0,0,14,11,25,19,8,12,5,2,3,0,1,0,340,218,254,128,50,78,22,11,20,7,143,131,52,47,22,9,8,22,7,12,11,22
Everton de Viña del Mar,O'Higgins,0,2,1.48,2.61,63,37,19,17,4,5,13,10,2,2,4,6,3,3,14,15,2,2,0,0,15,14,16,22,13,15,0,2,0,1,0,2,459,262,352,164,66,76,17,20,14,11,150,159,63,56,25,19,15,17,9,8,32,24
Cobresal,Universidad de Chile,4,3,2.2,2.41,44,56,20,25,8,7,8,13,4,5,4,1,2,1,7,6,4,3,0,0,6,6,23,24,17,12,4,1,1,0,2,3,317,422,248,342,55,56,17,16,8,16,112,114,27,32,6,8,10,10,8,8,22,20
Colo Colo,Unión Española,0,2,1.88,1.16,60,40,17,7,5,4,6,2,6,1,7,4,1,0,9,12,3,4,1,0,12,8,27,17,4,14,1,2,1,0,1,0,495,339,371,222,70,76,17,11,15,8,179,164,45,39,16,10,11,18,8,6,15,19
Ñublense,Huachipato,0,1,2.8,1.85,45,55,17,17,4,4,10,7,3,6,7,5,5,0,12,11,3,1,0,0,10,12,21,23,9,19,3,2,3,2,0,1,301,368,216,281,53,59,21,28,13,14,139,146,46,41,12,10,18,13,8,8,20,23
Palestino,Everton de Viña del Mar,0,2,0.89,1.6,60,40,12,13,6,6,4,6,2,1,3,3,3,2,10,10,4,1,1,1,9,9,21,14,6,7,1,3,1,2,0,1,442,298,352,199,66,68,24,10,14,11,140,129,37,36,9,7,11,14,4,5,7,21
Universidad de Chile,Coquimbo Unido,1,2,1.96,1.31,54,46,15,8,4,4,4,2,7,2,2,5,1,0,13,8,2,2,1,0,6,12,31,21,10,13,2,1,2,0,1,0,414,371,298,258,79,79,26,13,15,20,165,173,61,39,15,11,29,12,13,12,13,18
Unión La Calera,Unión Española,4,0,3.21,0.9,37,63,12,14,8,6,2,6,2,2,3,5,2,2,10,4,1,3,0,0,3,10,24,33,11,5,8,2,4,2,2,0,318,552,228,451,74,53,12,32,18,22,137,167,50,55,16,17,20,15,4,6,33,9
Huachipato,Universidad Católica,1,1,2.1,0.7,57,43,11,7,3,3,4,3,4,1,11,2,0,1,14,12,2,4,0,0,12,14,28,20,10,8,1,2,0,2,0,1,320,243,227,165,51,52,24,13,12,12,142,118,39,51,11,16,10,15,5,12,18,25
O'Higgins,Cobresal,0,0,0.73,0.93,60,40,12,17,0,0,8,10,4,7,4,7,0,3,13,11,4,4,0,0,11,13,31,21,9,13,0,1,0,1,6,11,439,301,358,209,70,60,21,12,15,12,130,134,45,48,16,13,11,14,6,7,21,20
Audax Italiano,Colo Colo,0,1,1.53,1.12,62,38,11,11,2,5,7,4,2,2,4,5,3,0,11,6,4,2,0,1,6,11,26,30,5,14,1,1,1,1,0,1,414,265,307,156,87,85,22,5,13,13,166,166,41,49,11,16,18,16,8,9,11,24
Curicó Unido,Deportes Magallanes,3,4,2.05,3.25,54,46,20,23,6,10,11,6,3,7,7,6,0,1,11,21,2,3,0,0,19,10,20,22,7,15,2,6,0,3,1,2,389,339,293,258,66,52,27,22,14,21,138,132,61,45,14,20,17,5,7,7,23,31
Deportes Copiapó,Ñublense,1,1,0.58,0.84,40,60,7,14,2,4,4,4,1,6,4,6,1,1,12,8,3,3,1,0,8,12,24,20,10,7,3,6,4,8,3,1,280,407,188,308,73,66,11,22,12,12,141,160,44,44,10,17,21,13,8,14,21,14
Universidad Católica,Universidad de Chile,1,3,0.23,2.56,62,38,8,17,6,6,2,5,0,6,3,2,0,2,15,20,3,3,1,0,20,11,18,20,6,13,0,3,0,1,0,1,431,259,327,165,59,57,21,14,16,15,151,130,52,50,14,15,12,16,6,4,13,20
Cobresal,Audax Italiano,3,4,1.09,1.68,64,36,16,17,7,6,8,9,1,2,9,3,1,0,8,8,2,2,0,0,7,8,15,8,10,16,0,2,1,2,0,6,584,339,515,270,72,50,28,12,14,23,117,101,43,39,11,9,16,12,9,5,8,21
Ñublense,Palestino,1,1,1.3,0.92,55,45,10,7,3,3,3,3,4,1,7,6,4,1,13,11,3,2,0,0,11,11,27,27,3,6,1,4,0,3,4,6,441,370,342,257,65,73,25,15,13,4,169,165,42,43,12,14,12,18,10,5,18,19
Deportes Magallanes,Huachipato,1,1,1.71,1.99,51,49,15,22,9,5,6,11,0,6,5,7,8,11,2,4,0,1,0,0,10,7,22,14,17,13,2,1,1,1,0,1,478,453,374,351,62,71,17,21,7,9,154,146,44,44,16,13,15,18,8,19,14,12
Everton de Viña del Mar,Curicó Unido,1,1,2.86,0.78,71,29,24,8,9,4,11,2,4,2,3,2,1,1,7,8,1,3,0,1,7,4,28,22,5,16,1,0,17,3,7,5,558,233,465,145,58,59,37,5,20,24,151,125,47,40,11,12,16,11,2,4,1,33
Colo Colo,Unión La Calera,2,0,1.66,0.37,68,32,19,7,7,4,8,3,4,0,7,2,1,2,13,7,2,1,0,0,7,13,30,30,6,12,3,1,1,1,0,1,571,271,465,166,55,76,14,7,21,17,161,149,40,54,7,12,16,21,6,12,7,21
Coquimbo Unido,Deportes Copiapó,1,0,2.41,0.29,43,57,21,8,7,3,7,4,7,1,5,4,1,1,4,3,2,4,0,0,3,4,19,17,4,12,2,1,1,1,3,0,379,523,292,429,59,82,28,14,15,18,136,140,34,35,8,12,11,9,4,11,19,23
Unión Española,O'Higgins,3,3,1.55,1.52,48,52,12,17,7,5,3,6,2,6,3,6,3,1,13,6,4,1,0,0,5,13,25,26,10,10,3,1,2,0,0,1,368,386,264,277,66,73,16,27,7,15,153,169,39,58,22,25,9,10,9,6,35,17
Unión La Calera,Huachipato,2,4,1.32,2.17,46,54,13,13,5,7,3,4,5,2,4,7,1,0,9,12,1,1,0,0,12,7,31,21,12,8,2,3,0,1,0,1,339,413,267,309,56,58,24,21,17,23,139,153,42,59,6,16,17,22,10,9,27,21
Curicó Unido,Cobresal,1,2,1.85,3.05,60,40,16,12,6,5,5,7,5,0,4,1,3,0,8,5,4,5,0,0,5,8,22,10,8,9,1,3,0,1,1,1,367,249,311,180,32,67,16,8,6,3,89,87,16,19,7,2,3,7,2,2,11,14
O'Higgins,Universidad Católica,0,3,1.2,1.87,51,49,12,8,3,4,4,2,5,2,6,6,0,2,13,11,4,2,0,0,10,12,30,17,7,10,1,2,1,0,0,2,324,310,237,212,41,64,20,13,13,6,138,136,35,33,11,3,8,13,7,12,16,23
Coquimbo Unido,Unión Española,3,1,1.61,1.77,35,65,10,22,5,5,5,9,0,8,5,9,3,2,7,9,1,1,0,0,9,7,23,29,8,7,3,1,2,0,0,1,267,503,166,406,64,63,22,34,11,10,146,157,28,25,4,5,10,9,7,7,28,10
Deportes Copiapó,Deportes Magallanes,2,1,1.98,0.77,56,44,12,13,7,3,1,9,4,1,6,5,0,1,11,13,3,7,1,0,11,10,13,22,15,4,2,1,0,1,4,10,400,295,320,221,64,59,9,19,9,12,113,125,29,26,4,3,13,10,0,5,15,20
Palestino,Colo Colo,1,0,2.59,0.29,67,33,17,8,1,2,11,4,5,2,5,6,3,0,7,12,1,2,0,1,9,6,20,23,10,14,3,1,2,1,1,0,439,212,355,135,74,57,18,11,14,13,118,122,41,27,12,5,14,8,5,3,16,17
Audax Italiano,Ñublense,1,0,0.56,0.58,37,63,8,11,3,2,2,6,3,3,6,3,3,3,16,9,5,1,2,1,6,13,32,21,11,4,1,0,6,6,2,5,245,436,162,351,61,72,15,14,13,6,128,124,26,34,8,7,8,13,6,4,20,13
Universidad de Chile,Everton de Viña del Mar,1,2,1.8,0.88,42,58,20,11,11,6,3,4,6,1,8,3,4,1,16,14,5,2,2,0,11,15,33,23,7,10,2,1,1,0,0,1,308,448,207,332,84,64,22,11,16,14,157,154,52,58,11,17,17,19,8,6,10,17
Coquimbo Unido,Ñublense,1,3,0.86,2.29,39,61,10,13,5,4,4,6,1,3,2,2,2,0,13,10,2,2,0,0,10,12,27,25,7,9,0,5,0,2,3,11,269,436,170,342,75,71,19,11,14,25,152,141,46,46,13,9,17,14,8,15,8,7
Deportes Magallanes,Everton de Viña del Mar,1,4,1.57,1.33,63,37,18,17,5,8,9,6,4,3,7,3,4,1,3,12,3,4,0,0,12,3,16,23,8,13,2,4,1,0,0,2,479,281,373,182,79,83,26,14,15,11,154,140,41,28,12,8,8,10,7,9,13,25
Huachipato,Deportes Copiapó,1,0,1.49,1.06,51,49,11,10,7,3,2,6,2,1,7,1,2,2,16,14,4,4,0,0,14,14,21,34,13,8,2,1,1,1,7,3,270,265,176,159,65,56,16,7,10,6,143,158,27,33,1,4,9,13,11,7,25,20
Unión Española,Curicó Unido,2,2,1.38,2,46,54,13,18,7,4,4,11,2,3,3,4,0,3,14,6,3,1,1,0,6,13,27,21,13,6,2,0,1,0,0,1,330,400,232,304,47,78,21,21,16,12,134,131,19,39,0,2,6,15,6,5,18,13
O'Higgins,Unión La Calera,0,1,2.04,1.21,59,41,10,9,3,2,7,5,0,2,5,3,0,2,13,12,4,2,0,0,11,11,29,27,7,12,0,1,9,6,1,3,445,322,317,202,76,72,27,10,16,18,181,171,58,36,16,11,22,9,12,9,7,17
Colo Colo,Universidad Católica,2,1,1,0.28,68,32,12,2,5,1,4,1,3,0,8,2,2,2,13,16,4,6,0,1,15,12,29,11,5,15,2,0,0,2,0,1,379,182,297,90,47,72,14,5,5,6,136,117,30,38,5,7,8,16,5,4,6,28
Cobresal,Palestino,2,1,1.26,1.32,55,45,16,14,3,2,9,12,4,0,3,3,4,1,9,14,2,2,0,0,12,9,29,17,14,14,2,1,1,1,0,1,432,356,341,258,74,54,18,14,14,18,136,131,44,47,13,17,8,9,8,10,17,12
Universidad de Chile,Audax Italiano,2,0,0.96,0.15,45,55,11,5,6,1,2,4,3,0,6,0,1,0,22,16,4,6,0,0,15,21,23,32,8,8,1,0,5,1,6,4,273,366,171,259,74,80,23,6,9,10,151,155,42,36,7,6,16,6,4,9,11,23
Coquimbo Unido,O'Higgins,2,1,2.28,1.45,41,59,15,12,5,3,7,7,3,2,8,2,4,1,14,14,3,6,0,1,13,13,20,22,8,9,2,1,1,0,10,7,284,441,178,332,68,81,23,7,13,6,159,153,42,41,14,11,8,12,8,9,13,19
Palestino,Unión Española,2,1,0.94,1.11,47,53,9,8,5,2,4,5,0,1,4,3,4,0,8,7,1,2,0,0,7,6,24,28,8,7,1,2,0,1,5,5,331,372,233,278,87,77,10,15,15,12,147,138,34,24,6,2,14,13,7,8,15,9
Curicó Unido,Ñublense,0,3,0.93,1.55,50,50,14,17,2,9,8,6,4,2,4,3,0,1,13,18,4,3,0,0,15,13,20,18,6,11,1,0,5,10,9,7,305,301,229,215,61,73,13,12,9,13,112,114,28,32,3,4,8,7,7,0,14,12
Colo Colo,Cobresal,6,0,1.64,0.09,59,41,19,3,9,2,9,0,1,1,7,3,2,1,8,10,1,3,0,1,9,8,20,17,6,15,4,0,1,0,13,1,407,279,327,191,48,56,11,8,9,6,113,123,25,22,1,2,12,11,0,4,8,6
Everton de Viña del Mar,Huachipato,1,2,1.36,2.32,51,49,14,13,2,6,10,5,2,2,4,6,1,2,8,10,1,3,0,0,9,8,19,17,12,13,0,1,0,2,7,11,400,384,272,257,58,60,20,21,15,5,177,178,33,32,7,11,7,9,6,3,15,22
Deportes Copiapó,Universidad de Chile,3,1,1.59,2.8,41,59,13,24,3,6,5,8,5,10,6,10,0,7,7,8,4,4,0,0,8,6,19,17,13,5,1,4,0,3,1,0,273,384,180,299,70,58,11,22,14,15,129,134,37,29,4,6,18,9,7,9,17,11
Universidad Católica,Deportes Magallanes,1,0,1.19,1.37,49,51,14,17,4,5,4,8,6,4,3,7,1,0,13,10,2,2,0,1,9,12,24,28,11,8,0,1,0,1,6,6,300,311,215,230,79,57,12,11,3,2,107,122,16,15,1,0,4,3,2,0,9,17
Audax Italiano,Unión La Calera,2,1,1.08,0.67,50,50,7,10,2,3,4,4,1,3,9,2,1,2,8,16,1,3,0,0,15,6,24,29,5,7,1,1,2,4,5,6,355,359,248,243,76,91,22,10,8,9,151,148,29,19,0,2,11,8,13,8,11,13
Unión Española,Universidad Católica,2,2,0.92,2.07,34,66,9,14,3,7,6,5,0,2,4,5,3,0,8,11,4,5,1,1,10,8,23,25,9,9,2,1,6,10,3,4,263,503,170,416,61,61,9,15,11,26,135,138,45,42,11,8,20,11,5,14,20,11
Unión La Calera,Deportes Copiapó,1,1,2.09,2.22,48,52,15,15,7,2,8,6,0,7,4,9,1,4,12,4,5,1,0,0,3,11,17,30,12,9,5,3,4,2,1,0,355,381,245,254,71,75,7,18,17,7,147,173,39,33,16,12,9,7,16,11,13,6
Universidad de Chile,Colo Colo,1,1,0.82,2.32,42,58,10,15,2,4,5,9,3,2,3,2,7,3,10,12,3,3,0,0,12,10,26,19,12,7,2,2,1,1,0,1,231,332,117,201,69,80,13,11,11,15,173,178,35,46,13,12,8,16,7,9,17,14
Huachipato,Curicó Unido,3,0,1.81,0.51,54,46,23,6,6,1,6,5,11,0,13,3,3,2,11,5,2,2,0,0,5,11,22,14,6,10,3,0,3,0,2,0,481,426,406,331,52,77,35,12,14,11,136,137,40,29,12,5,14,8,8,16,15,25
Deportes Magallanes,Palestino,2,0,0.26,0.76,37,63,6,10,3,1,3,5,0,4,4,7,0,2,12,8,3,1,0,1,8,11,20,32,7,6,0,1,0,1,4,6,282,483,194,376,65,73,10,25,8,19,132,155,31,44,7,8,15,12,5,2,26,2
Cobresal,Coquimbo Unido,3,2,1.06,1.74,66,34,12,14,8,6,4,7,0,1,5,4,2,1,8,7,1,0,0,2,7,6,27,21,9,8,2,2,0,1,6,7,579,288,465,201,80,54,24,23,16,20,163,144,50,32,16,6,19,11,6,10,20,24
O'Higgins,Audax Italiano,2,1,1.12,1.04,52,48,9,13,3,2,4,10,2,1,6,3,1,0,14,13,3,3,1,0,12,14,29,28,9,3,1,0,5,4,4,9,296,268,211,175,62,50,13,15,9,2,129,132,24,28,4,2,5,12,1,4,20,15
Ñublense,Everton de Viña del Mar,1,0,1.63,0.88,43,57,20,7,7,2,7,4,6,1,8,4,0,1,9,8,2,2,0,0,8,8,20,24,5,11,1,1,0,1,0,1,389,518,295,401,77,56,23,15,10,17,158,171,33,41,4,5,15,18,8,11,25,20
Audax Italiano,Coquimbo Unido,1,1,0.64,1.79,48,52,7,11,4,5,3,4,0,2,6,11,1,1,16,10,2,0,0,0,9,15,26,32,16,9,1,2,0,1,3,7,364,385,232,260,93,66,17,35,17,10,197,204,47,43,9,3,27,24,14,16,36,20
Unión La Calera,Universidad de Chile,2,1,2.05,0.73,47,53,15,15,6,6,9,7,0,2,5,5,2,6,12,5,3,2,1,0,4,11,25,29,16,12,2,2,1,1,1,0,361,403,255,298,67,61,10,12,18,22,162,168,31,54,8,8,15,24,10,17,19,13
Deportes Copiapó,Unión Española,4,3,2.55,2.5,36,64,11,24,7,10,3,9,1,5,4,8,1,3,5,12,0,1,0,0,9,4,16,15,11,7,8,3,4,2,0,1,286,504,210,448,67,41,10,21,9,21,112,112,37,28,3,5,19,10,9,2,18,13
Universidad Católica,Ñublense,2,1,0.51,1.12,43,57,11,13,5,5,4,7,2,1,4,7,1,3,16,14,4,4,1,1,13,15,14,20,10,10,2,1,1,1,1,1,296,377,216,298,76,48,10,26,10,5,108,136,43,35,13,10,12,7,10,7,41,10
Everton de Viña del Mar,Cobresal,2,2,0.98,2.24,60,40,15,11,3,6,8,2,4,3,7,3,1,0,13,9,4,4,0,0,7,11,26,23,2,15,1,3,1,2,1,0,483,312,374,218,65,79,23,16,16,12,152,141,34,35,10,8,13,13,6,2,12,29
Curicó Unido,O'Higgins,1,3,0.56,2.74,56,44,14,22,2,10,7,10,5,2,5,3,3,3,17,17,2,5,0,0,13,16,34,28,10,5,0,6,0,4,0,1,351,281,204,171,91,77,17,11,11,14,196,171,56,60,17,27,22,14,10,11,22,32
Huachipato,Palestino,2,2,2.04,0.88,69,31,19,7,4,3,8,3,7,1,5,3,2,0,12,14,1,4,0,1,14,12,16,14,4,13,1,1,0,1,1,2,418,185,313,86,54,65,17,9,7,10,143,125,36,37,10,7,8,11,6,7,8,20
Deportes Magallanes,Colo Colo,1,2,0.48,0.91,40,60,8,13,3,3,4,6,1,4,0,10,1,0,8,17,1,2,0,0,15,8,16,24,11,10,1,1,0,1,2,0,298,428,191,329,69,74,5,25,9,19,138,155,47,40,13,13,15,8,10,7,26,7
Cobresal,Deportes Magallanes,3,1,2.08,1.57,44,56,18,16,8,6,7,3,3,7,1,5,3,1,8,6,2,2,0,0,6,7,30,23,8,6,3,0,1,0,1,0,435,529,359,444,53,43,6,17,6,6,115,122,20,27,1,5,9,10,15,5,15,15
Coquimbo Unido,Colo Colo,2,2,1.52,1.07,34,66,9,15,4,4,5,5,0,6,7,5,2,0,9,15,4,1,0,0,15,9,23,27,9,9,3,0,1,0,0,1,221,461,116,351,72,50,26,8,16,19,171,158,48,39,4,4,20,19,9,4,14,18
O'Higgins,Deportes Copiapó,1,1,1.25,0.85,59,41,13,10,8,5,2,3,3,2,8,2,3,1,9,10,0,2,0,0,10,8,31,12,7,11,2,0,1,0,8,8,464,333,356,230,71,82,25,6,28,20,173,138,63,46,17,12,17,14,11,8,13,45
Unión Española,Huachipato,0,1,0.84,0.42,54,46,10,7,2,3,4,3,4,1,4,0,0,4,12,14,1,2,0,0,14,12,29,33,8,9,0,1,0,1,0,1,405,358,276,238,86,73,25,12,7,18,187,179,60,58,16,18,25,18,7,9,12,28
Palestino,Universidad Católica,3,0,1.5,0.49,56,44,18,8,4,1,10,4,4,3,4,7,3,3,15,10,1,2,0,0,10,14,16,19,8,14,1,0,1,0,11,6,425,338,363,255,62,69,27,14,13,12,117,122,31,59,10,20,8,18,8,8,19,23
Audax Italiano,Everton de Viña del Mar,0,1,1.34,0.78,54,46,16,6,3,2,7,2,6,2,4,7,3,3,15,10,1,2,0,0,10,14,16,19,8,14,2,2,2,1,8,2,388,347,265,218,83,65,35,12,14,10,196,174,56,48,22,15,15,21,5,5,18,24
Universidad de Chile,Curicó Unido,1,1,1.33,1.05,64,36,22,4,4,1,9,2,9,1,13,1,4,0,11,10,4,4,0,1,10,11,25,25,9,11,2,1,2,0,9,2,433,256,332,158,53,77,37,10,33,21,173,155,60,57,13,14,19,23,9,11,15,38
Ñublense,Unión La Calera,1,1,0.68,2.3,50,50,15,15,4,4,5,8,6,3,3,1,3,1,14,8,6,2,0,0,8,14,22,26,9,8,1,3,0,2,6,9,428,421,310,306,74,66,15,9,16,21,163,161,46,52,11,14,21,16,17,15,14,20
Deportes Magallanes,Unión Española,1,0,1.29,2.02,38,62,7,20,1,6,4,7,2,7,2,8,2,1,8,12,1,4,0,0,12,8,13,26,16,6,1,0,1,0,1,0,315,517,220,413,87,64,13,34,14,17,140,158,53,51,21,20,13,10,11,3,33,5
Huachipato,Coquimbo Unido,2,2,1.97,2,64,36,11,15,5,7,4,4,2,4,5,9,3,0,11,13,0,2,0,0,11,10,22,22,4,7,3,3,1,1,9,9,572,316,473,214,53,59,25,25,23,16,164,168,65,55,16,16,26,24,8,11,26,20
Universidad Católica,Audax Italiano,0,2,1.08,1.17,63,37,11,19,6,4,3,11,2,4,3,5,2,0,11,21,1,2,0,0,20,11,37,26,12,4,4,0,4,0,0,1,465,265,374,168,51,61,17,20,18,22,158,156,64,57,15,16,23,21,9,9,32,21
Ñublense,Cobresal,1,2,0.83,1.1,56,44,18,8,3,3,9,3,6,2,7,2,2,0,15,9,1,3,0,0,8,13,24,18,7,10,0,1,7,6,11,2,435,351,356,270,24,60,27,12,19,22,150,135,55,54,11,15,28,20,7,13,14,36
Everton de Viña del Mar,Colo Colo,1,2,2.43,0.8,45,55,15,16,6,4,5,7,4,5,7,6,1,3,11,8,1,2,0,0,5,11,22,36,10,6,2,1,1,1,11,11,364,449,242,338,95,67,16,16,11,21,168,182,49,49,12,17,26,12,12,14,22,30
Deportes Copiapó,Curicó Unido,1,1,1.62,0.57,53,47,12,5,7,3,5,2,0,0,7,4,3,2,14,9,5,2,0,0,7,13,14,16,11,10,3,1,2,0,1,0,436,381,315,283,105,70,19,22,10,16,167,160,55,56,21,24,19,11,4,9,14,29
Unión La Calera,Palestino,2,3,0.47,1.88,55,45,8,14,2,6,2,5,4,3,4,4,3,3,9,6,1,1,0,0,5,8,34,19,8,10,2,3,5,7,3,7,464,378,350,259,70,81,22,16,27,17,199,178,57,67,18,29,19,23,9,8,8,18
Universidad de Chile,O'Higgins,2,5,1.48,1.59,61,39,10,10,4,5,2,4,4,1,10,4,13,16,5,5,1,0,0,0,15,11,25,21,7,4,2,3,1,0,7,7,442,278,351,199,62,53,23,17,20,9,155,127,43,47,9,10,10,20,1,9,21,30
O'Higgins,Ñublense,1,2,1.58,1.64,47,53,13,11,3,4,8,6,2,1,4,6,0,5,16,12,3,2,0,0,10,15,29,16,6,11,2,3,1,1,0,2,314,360,213,261,46,70,26,19,18,14,164,157,58,59,21,20,17,18,7,13,24,23
Cobresal,Universidad Católica,2,2,3.33,2.21,50,50,22,12,7,4,10,6,5,2,5,0,1,0,12,11,3,5,0,0,8,12,22,30,11,16,4,3,4,1,2,0,360,377,285,306,63,55,24,14,13,17,121,114,38,42,10,8,10,11,8,11,8,21
Colo Colo,Huachipato,3,1,1.09,1.83,44,56,18,11,8,2,7,7,3,2,3,7,2,1,8,6,2,1,0,0,5,5,32,28,8,13,2,1,0,1,1,0,374,467,278,365,51,50,10,20,28,24,166,174,58,66,11,19,27,27,13,3,22,23
Unión Española,Audax Italiano,3,0,2.16,1.15,53,47,18,11,6,4,9,4,3,3,4,5,1,1,10,8,3,2,0,0,8,10,23,22,7,13,4,2,1,2,0,1,499,442,392,330,56,61,18,14,20,14,164,166,43,56,11,13,17,28,7,9,17,17
Deportes Magallanes,Universidad de Chile,2,1,0.57,1.81,34,66,6,26,3,10,3,9,0,7,2,10,1,4,12,18,4,3,1,0,16,12,16,31,12,2,2,2,1,2,2,0,278,523,168,430,68,57,4,32,8,22,144,159,47,52,16,15,13,8,6,9,40,9
Palestino,Deportes Copiapó,2,0,2.99,0.76,59,41,18,11,3,3,9,7,6,1,5,4,3,1,13,10,2,2,0,0,8,12,24,24,6,12,6,0,4,0,1,0,425,301,344,202,76,70,27,15,24,13,140,136,52,50,19,18,10,13,8,9,16,24
Curicó Unido,Unión La Calera,0,3,1.13,2.56,51,49,14,13,3,6,5,4,6,3,8,4,5,0,7,9,0,3,0,0,9,7,28,24,6,8,0,4,0,3,0,2,423,424,326,315,54,68,39,16,20,22,163,170,53,48,16,12,19,17,11,6,19,21
Coquimbo Unido,Everton de Viña del Mar,0,2,0.84,1.81,52,48,17,16,5,6,7,7,5,3,8,7,2,1,10,12,2,4,0,0,12,9,21,22,8,14,1,5,1,3,0,2,421,411,314,306,78,70,40,17,15,29,176,158,48,57,12,16,21,21,5,9,16,30
Unión La Calera,Deportes Magallanes,2,1,1.47,0.78,43,57,9,16,4,6,3,8,2,2,3,9,4,2,9,8,2,2,0,0,7,8,15,31,7,8,3,3,2,2,1,1,370,471,285,395,73,63,9,41,10,16,129,155,51,40,14,16,22,12,11,10,29,19
Deportes Copiapó,Cobresal,0,3,1.08,1.08,57,43,15,8,2,6,9,1,4,1,4,4,0,4,17,9,3,3,1,0,9,17,18,19,5,13,1,1,1,0,1,0,434,339,355,266,72,65,23,13,9,14,127,123,36,62,14,16,11,19,9,15,9,22
Huachipato,O'Higgins,2,0,1.17,1.02,44,56,17,16,6,3,8,6,3,7,4,4,0,4,17,9,3,3,1,0,9,17,18,19,5,13,2,0,1,0,10,8,333,419,228,312,54,55,17,19,20,14,166,169,60,58,23,18,16,16,17,12,30,17
Universidad de Chile,Palestino,0,1,0.28,0.67,47,53,11,12,1,4,8,7,2,1,5,3,0,1,14,12,2,2,0,0,11,12,23,13,12,16,0,1,1,2,10,10,377,439,269,314,83,83,26,17,16,10,172,177,53,47,18,10,13,20,13,11,16,18
Everton de Viña del Mar,Unión Española,1,0,3.11,0.73,46,54,18,9,5,3,8,4,5,2,6,8,1,5,5,16,1,2,0,0,15,3,17,23,6,11,3,0,3,0,2,0,401,474,312,370,45,76,21,23,28,17,156,159,54,56,11,17,16,24,12,12,16,21
Universidad Católica,Coquimbo Unido,2,1,1.47,0.35,52,48,15,11,6,2,3,8,6,1,5,6,1,0,19,14,5,4,0,0,13,17,22,27,13,5,1,0,1,1,6,8,299,272,209,188,64,59,20,26,9,9,135,149,45,48,11,16,14,9,10,6,27,20
Audax Italiano,Curicó Unido,3,0,2.34,1.07,45,55,16,9,4,3,8,5,4,1,8,2,3,1,6,11,1,1,0,0,10,6,29,26,10,7,1,1,0,1,10,6,335,419,230,317,73,69,25,17,21,7,169,150,43,50,12,16,13,21,7,8,20,24
Ñublense,Colo Colo,0,0,0.49,1.6,40,60,6,15,4,5,2,7,0,3,1,7,2,0,19,16,3,2,0,0,13,16,19,25,8,5,1,1,1,1,0,1,324,473,216,376,71,79,9,18,16,20,158,160,49,66,10,17,21,20,21,13,17,4
Cobresal,Huachipato,2,0,2.48,1.48,41,59,12,16,4,3,5,8,3,5,2,4,1,0,10,5,1,1,0,0,5,8,22,30,12,11,3,2,1,2,5,8,378,531,297,453,77,64,16,22,14,15,133,141,35,35,5,6,18,14,10,9,13,10
Colo Colo,O'Higgins,2,0,3.09,0.64,49,51,15,15,4,5,7,6,4,4,3,7,2,3,12,10,3,4,0,0,9,12,29,27,10,10,5,1,3,1,1,2,387,387,287,275,58,49,13,23,21,28,171,178,52,66,14,16,20,22,7,11,20,10
Deportes Copiapó,Audax Italiano,1,0,0.94,1.06,46,54,8,11,4,3,3,3,1,5,4,5,1,2,10,8,2,3,1,0,8,10,25,30,8,7,2,1,1,1,4,5,355,419,252,329,84,63,16,24,9,10,151,151,27,28,5,4,10,8,14,6,26,15
Deportes Magallanes,Ñublense,1,1,1.21,0.48,64,36,15,7,5,3,8,3,2,1,4,5,1,2,10,8,2,3,1,0,8,10,25,30,8,7,3,0,2,0,0,1,567,333,477,236,67,86,23,5,12,12,137,122,35,41,10,6,12,14,4,12,6,16
Everton de Viña del Mar,Unión La Calera,1,2,1.7,0.79,71,29,14,6,6,3,6,0,2,3,8,1,1,1,10,14,1,3,0,0,12,9,25,19,3,8,3,2,2,0,0,2,553,223,458,132,47,67,42,11,17,16,163,144,53,51,15,25,14,10,3,13,16,50
Curicó Unido,Universidad Católica,2,0,1.52,2.3,48,52,12,11,6,6,3,4,3,1,4,3,2,2,18,12,2,4,0,0,12,17,35,23,6,8,2,3,0,3,2,0,359,413,261,318,58,77,21,7,23,16,155,146,62,45,10,9,25,13,10,18,14,20
Palestino,Coquimbo Unido,1,1,1.51,0.87,64,36,17,11,7,4,6,6,4,1,5,7,2,4,11,14,2,4,0,0,14,11,25,29,10,6,2,0,2,0,12,9,422,230,338,151,67,66,31,23,24,10,161,151,64,51,21,14,18,21,8,10,10,26
Unión Española,Universidad de Chile,3,0,0.89,1.67,50,50,13,17,8,6,3,6,2,5,4,7,1,3,8,7,1,1,0,0,6,8,16,35,8,8,3,0,1,0,2,0,399,387,312,271,82,54,17,33,22,17,143,179,52,45,16,14,20,18,7,10,42,17
Ñublense,Unión Española,0,1,1.4,1.29,51,49,13,17,4,4,8,9,1,4,3,2,7,1,2,8,1,3,0,0,8,2,32,21,11,10,2,2,2,2,1,4,531,501,411,402,73,63,12,14,31,19,182,166,50,55,12,18,19,21,12,10,13,17
Audax Italiano,Palestino,0,3,1.13,3.18,59,41,14,18,3,6,6,10,5,2,4,5,5,0,8,8,1,1,0,0,8,8,28,19,14,12,0,5,0,3,5,12,450,312,351,205,77,82,20,13,20,18,163,154,60,60,20,17,17,21,9,18,14,17
Huachipato,Universidad de Chile,1,2,1.84,2.04,70,30,11,16,4,6,6,6,1,4,4,4,1,2,6,14,4,6,0,0,14,6,31,29,14,14,6,2,5,2,0,1,499,217,389,108,66,59,24,12,11,26,189,167,48,64,14,13,14,28,13,16,19,27
Universidad Católica,Everton de Viña del Mar,0,1,0.85,0.94,39,61,11,11,3,1,7,6,1,4,3,8,5,2,13,19,2,4,0,0,19,12,17,25,12,11,1,1,1,0,8,5,280,456,193,346,61,61,20,23,4,10,134,165,46,30,10,5,15,8,16,8,23,13
Unión La Calera,Cobresal,1,1,1.12,1.04,53,47,15,6,3,1,5,4,7,1,7,6,2,4,7,15,5,4,0,0,15,7,25,21,4,10,1,1,1,0,1,0,399,347,297,261,44,66,13,23,18,10,150,147,58,38,17,4,16,19,13,15,23,17
O'Higgins,Deportes Magallanes,1,2,0.71,0.85,68,32,18,13,2,5,11,4,5,4,6,4,4,1,14,9,3,3,0,0,6,11,28,26,9,10,0,3,0,1,9,7,555,250,444,145,83,78,22,15,6,11,173,158,48,63,26,25,12,21,7,8,18,28
Coquimbo Unido,Curicó Unido,1,0,1.51,0.85,39,61,10,9,5,1,3,4,2,4,2,5,0,2,13,9,1,4,0,0,7,13,29,29,11,8,2,0,1,0,5,4,302,480,215,384,59,79,14,19,23,20,150,156,48,67,15,19,17,25,9,15,23,13
Colo Colo,Deportes Copiapó,1,1,1.75,0.87,64,36,13,8,4,2,5,5,4,1,8,5,5,1,13,13,2,5,1,0,12,12,18,17,6,5,0,1,1,0,1,2,432,245,333,140,69,73,17,10,18,23,161,153,46,42,8,6,18,15,6,11,12,26
Colo Colo,Curicó Unido,0,1,1.46,1.1,62,38,13,16,2,6,4,8,7,2,10,3,3,3,14,8,2,3,1,0,8,14,27,27,12,10,0,1,0,1,0,2,460,282,354,188,69,81,19,19,25,12,170,151,48,58,14,11,16,30,2,19,15,22
Palestino,O'Higgins,0,1,0.64,1.75,42,58,10,16,2,7,7,6,1,3,3,5,1,2,10,15,1,3,0,0,15,7,25,27,11,14,0,1,0,1,7,8,300,416,190,316,80,86,16,22,8,23,165,162,44,49,8,16,17,16,12,9,20,20
Audax Italiano,Huachipato,1,0,0.2,0.64,30,70,4,12,3,0,0,10,1,2,4,9,2,0,13,10,2,3,0,1,10,13,20,27,17,6,0,1,1,0,1,0,219,524,120,426,67,73,20,29,8,13,154,171,50,42,15,13,21,8,9,20,35,15
Coquimbo Unido,Deportes Magallanes,1,0,0.59,0.95,46,54,8,17,2,4,4,8,2,5,3,7,4,0,8,15,1,6,0,0,15,8,21,18,11,7,1,0,1,0,4,8,416,490,332,411,61,51,19,22,22,18,135,130,51,47,8,11,17,15,16,12,29,20
Ñublense,Universidad de Chile,1,1,1.52,1.01,51,49,16,14,10,4,4,8,2,2,1,5,1,2,11,8,2,3,0,0,8,11,24,26,9,5,2,1,1,1,9,7,446,417,329,322,76,70,13,25,16,33,170,180,63,55,13,12,33,19,10,10,24,13
Everton de Viña del Mar,Deportes Copiapó,2,1,1.4,2.7,44,56,5,24,4,5,1,12,0,7,2,9,6,10,2,4,1,0,0,0,9,5,13,17,22,2,1,1,4,14,1,10,386,449,266,344,64,76,10,43,13,11,163,171,33,37,9,8,10,19,14,15,41,23
Universidad Católica,Unión La Calera,1,1,1.51,1.33,52,48,13,17,4,5,6,10,3,2,9,11,2,0,11,11,1,2,0,0,11,10,26,18,13,8,2,2,2,1,10,11,363,342,281,259,74,70,32,24,9,11,144,140,37,41,11,6,9,15,17,15,17,26
Cobresal,Unión Española,0,0,0.89,0.44,60,40,14,9,4,3,5,2,5,4,11,4,1,1,8,8,3,1,0,1,8,8,18,20,3,14,0,1,0,1,1,0,532,364,446,296,53,60,25,14,9,12,126,110,31,38,8,12,11,12,4,9,6,31
Deportes Magallanes,Audax Italiano,1,2,1.68,1.72,71,29,10,9,4,3,4,4,2,2,9,5,3,1,15,11,5,3,0,0,9,14,30,24,5,16,0,1,9,4,1,5,539,217,445,139,84,60,25,20,18,7,159,135,49,44,12,5,20,20,7,7,15,37
Unión Española,Colo Colo,1,1,0.71,1.04,55,45,10,8,4,2,3,6,3,0,4,6,2,1,8,6,2,0,0,0,4,8,22,29,9,8,2,2,1,1,5,5,444,367,340,257,79,67,23,17,18,13,171,181,44,49,7,15,27,19,15,15,26,35
Huachipato,Ñublense,2,0,1.45,0.76,54,46,13,11,5,3,5,8,3,0,6,3,0,3,16,17,1,1,0,0,16,15,17,7,11,12,3,0,1,0,8,6,501,428,407,327,72,73,19,15,17,12,144,137,59,48,20,13,8,11,14,8,13,13
Unión La Calera,Coquimbo Unido,1,2,2.07,2.13,57,43,15,15,5,4,6,9,4,2,4,5,2,2,14,11,3,2,0,0,11,12,21,17,11,7,2,5,2,3,10,10,461,342,358,246,78,66,19,25,14,14,160,149,34,41,5,9,12,11,16,20,13,21
Deportes Copiapó,Universidad Católica,1,4,2.52,2.43,47,53,18,14,6,8,6,6,6,0,9,2,1,1,15,7,1,1,0,0,7,13,19,18,8,10,2,3,1,0,10,8,373,448,297,367,57,68,33,11,21,28,141,128,58,51,11,12,24,12,11,10,7,36
Curicó Unido,Palestino,0,1,1.67,0.67,57,43,13,15,2,2,10,8,1,5,5,7,8,9,3,2,1,0,0,0,9,8,35,28,11,12,1,1,1,1,2,2,458,352,323,226,98,82,27,16,12,28,199,189,57,41,17,13,25,13,12,14,8,13
Universidad de Chile,Cobresal,0,0,0.61,0.82,50,50,14,10,4,1,7,5,3,4,5,4,0,1,13,13,3,5,1,1,13,12,24,20,4,13,1,0,1,0,7,5,456,459,367,356,61,81,19,13,18,21,137,143,50,53,14,12,13,20,13,11,13,20
O'Higgins,Everton de Viña del Mar,1,1,0.64,1.96,50,50,12,17,2,12,4,4,6,1,4,4,2,1,14,12,2,4,1,0,12,14,26,18,8,7,1,2,0,2,0,1,400,400,288,308,75,62,17,20,14,29,163,145,52,63,16,14,17,21,15,13,10,19
Deportes Magallanes,Curicó Unido,1,2,0.59,1.53,68,32,12,9,1,6,8,3,3,0,5,5,3,4,11,13,4,4,1,0,13,11,27,25,4,12,1,3,0,1,0,2,559,263,474,165,78,74,28,17,26,14,157,151,52,55,12,15,11,17,6,12,11,21
Ñublense,Deportes Copiapó,1,0,1.33,1.79,53,47,16,15,6,5,8,9,2,1,2,7,2,2,6,8,4,5,1,1,7,6,24,14,11,10,1,2,1,2,9,10,435,371,341,278,70,58,12,23,17,19,135,147,41,51,13,19,11,15,16,10,16,16
Unión Española,Unión La Calera,3,2,1.41,2.19,45,55,9,19,7,9,0,7,2,3,2,10,2,1,12,9,3,2,1,0,8,9,26,25,8,5,3,3,1,2,1,0,384,468,293,364,70,57,12,24,22,20,144,156,49,57,12,16,17,17,12,6,22,7
Colo Colo,Audax Italiano,2,1,1.56,0.79,56,44,13,9,5,3,4,5,4,1,6,2,1,2,15,11,1,3,0,0,10,13,28,30,8,7,2,0,10,7,3,2,443,347,331,231,78,81,15,17,10,14,164,169,33,40,2,11,15,10,13,16,11,18
Cobresal,O'Higgins,1,0,1.21,0.81,53,47,9,15,6,3,2,6,1,6,7,3,3,0,8,8,1,1,0,0,8,8,35,18,6,10,2,0,1,0,7,8,486,440,396,361,81,47,20,8,10,17,146,117,44,37,10,10,18,11,9,21,10,31
Coquimbo Unido,Universidad de Chile,2,1,1.83,1.68,37,63,8,10,5,3,3,4,0,3,3,4,4,1,21,12,3,3,0,1,11,18,22,17,5,6,2,1,0,1,6,8,274,470,183,380,69,78,20,25,23,20,154,142,66,60,20,7,20,22,14,9,23,27
Universidad Católica,Huachipato,1,2,3.06,2.1,54,46,20,14,7,6,11,5,2,3,3,4,4,1,21,12,3,3,0,1,11,18,22,17,5,6,3,1,2,0,1,1,422,369,340,306,69,48,26,17,3,7,132,117,33,29,7,5,16,12,13,13,8,26
Everton de Viña del Mar,Palestino,2,2,3.11,0.6,64,36,16,11,6,3,7,6,3,2,3,4,4,1,21,12,3,3,0,1,11,18,22,17,5,6,3,2,1,0,9,5,477,260,378,170,75,50,24,21,20,17,160,148,52,46,10,12,20,18,5,10,20,23
Unión La Calera,Colo Colo,0,0,1,0.99,54,46,15,12,5,1,6,9,4,2,5,3,1,0,13,9,2,4,0,0,8,13,27,23,11,9,1,0,1,0,12,4,407,358,288,249,87,69,16,13,28,20,179,168,48,63,14,14,15,22,18,13,17,26
Palestino,Ñublense,1,2,1.09,1.19,52,48,16,14,2,4,8,6,6,4,5,5,1,3,16,10,5,2,1,0,9,16,23,17,6,8,0,1,10,2,6,12,376,364,277,261,78,75,28,16,9,13,157,153,42,47,12,14,17,10,12,10,7,22
Curicó Unido,Everton de Viña del Mar,2,3,2.4,2.28,45,55,14,21,5,7,5,11,4,3,4,1,2,4,12,14,5,3,1,0,11,10,25,27,11,8,2,5,0,4,0,1,347,443,229,331,82,75,25,16,10,30,173,171,50,65,15,14,20,16,13,8,14,26
Audax Italiano,Cobresal,1,0,1.01,1.43,53,47,16,9,7,3,7,4,2,2,10,2,4,0,13,11,3,2,0,0,11,12,32,18,7,15,2,0,1,0,1,0,430,392,349,299,55,63,27,11,11,10,143,141,38,53,10,15,9,18,15,9,30,16
Universidad de Chile,Universidad Católica,3,0,1.55,0.62,48,52,3,0,2,0,0,0,1,0,10,2,4,0,13,11,3,2,0,0,11,12,32,18,7,15,2,0,1,0,0,2,157,172,130,140,20,29,6,2,6,5,48,45,13,17,1,4,3,7,2,2,3,5
O'Higgins,Unión Española,1,1,1.09,1.26,49,51,11,17,4,2,5,9,2,6,5,5,1,3,5,8,2,1,0,0,7,5,24,19,10,12,1,0,1,0,0,1,467,493,364,384,81,80,20,16,18,25,157,164,50,50,12,17,20,12,7,17,19,24
Deportes Copiapó,Coquimbo Unido,1,0,2.48,0.76,52,48,13,8,4,3,6,4,3,1,4,3,3,3,19,8,4,3,1,0,7,19,23,30,8,8,3,0,2,0,2,0,446,411,346,303,92,54,12,14,14,10,143,165,45,55,10,14,19,16,23,9,18,9
Huachipato,Deportes Magallanes,1,1,1.08,0.82,61,39,17,7,4,2,11,5,2,0,13,3,4,4,15,13,2,1,0,0,13,13,21,22,8,16,1,2,1,2,0,1,452,293,377,199,39,52,40,13,12,11,150,143,54,40,20,10,12,13,14,11,17,37
Huachipato,Unión La Calera,2,3,1.19,2.46,67,33,16,11,3,7,10,2,3,2,7,2,0,5,14,9,6,4,0,0,8,13,25,20,4,12,2,3,2,0,0,1,435,221,362,136,62,58,20,8,11,8,134,136,44,52,13,12,18,23,13,10,13,20
Everton de Viña del Mar,Universidad de Chile,1,2,1.01,1.46,61,39,12,10,5,4,4,2,3,4,6,2,2,2,11,13,0,2,0,0,12,9,29,20,4,8,1,1,0,1,0,1,534,351,410,219,96,101,31,10,18,7,192,192,49,38,7,8,19,16,20,25,0,20
Universidad Católica,O'Higgins,0,1,1.34,0.63,62,38,13,13,7,7,4,6,2,0,10,3,1,1,12,12,1,1,1,0,12,12,30,18,10,7,0,1,0,1,1,0,516,330,414,225,70,76,36,9,10,7,160,152,57,36,18,7,22,15,10,14,14,28
Cobresal,Curicó Unido,2,0,2.03,1.3,53,47,18,15,5,2,8,8,5,5,5,6,2,0,9,10,2,4,0,0,9,9,19,16,11,12,2,0,1,0,0,2,452,404,376,335,78,55,19,22,11,12,122,114,37,42,12,16,9,10,4,8,9,15
Deportes Magallanes,Deportes Copiapó,0,2,0.75,0.6,73,27,17,7,2,3,8,3,7,1,4,4,2,1,8,13,2,4,0,0,12,6,30,22,5,15,0,1,10,3,7,4,618,230,524,135,87,68,30,7,18,5,152,137,42,40,9,15,14,16,7,14,4,29
Colo Colo,Palestino,3,1,2.11,1.77,39,61,16,14,6,6,8,5,2,3,3,4,1,2,17,9,3,2,0,0,9,15,20,23,10,9,2,0,2,0,2,0,302,480,199,362,74,95,15,16,20,29,152,167,53,60,8,11,19,14,21,8,14,9
Unión Española,Coquimbo Unido,2,0,1.17,0.8,61,39,10,11,4,5,4,5,2,1,5,3,1,0,12,12,2,5,0,0,12,11,19,15,9,6,1,0,1,0,2,0,523,341,408,238,84,63,19,15,6,8,158,148,47,46,20,20,9,10,6,14,13,22
Ñublense,Audax Italiano,2,5,1.79,2.73,57,43,15,19,6,8,7,10,2,1,2,1,6,5,14,8,4,2,1,0,8,13,18,16,10,8,2,5,1,3,2,0,502,386,416,298,63,66,19,13,13,26,152,151,45,69,6,13,24,23,15,14,13,13
Palestino,Cobresal,1,5,0.86,2.66,54,46,10,18,5,8,3,8,2,2,5,2,1,4,13,10,1,2,1,0,10,13,26,13,9,4,0,2,0,2,0,1,446,383,353,301,68,77,13,12,14,5,143,119,38,40,11,8,8,18,8,10,8,18
Ñublense,Coquimbo Unido,1,3,0.82,2.47,51,49,8,17,4,6,4,11,0,0,2,7,1,1,11,15,3,4,1,0,15,11,22,14,13,8,1,5,0,3,0,2,399,374,296,293,95,74,12,19,23,13,153,130,50,59,10,16,15,25,5,12,6,11
Everton de Viña del Mar,Deportes Magallanes,2,0,2.48,1.26,38,62,14,15,6,3,5,9,3,3,7,3,1,0,12,8,1,2,0,0,8,11,18,23,14,5,3,1,2,1,10,6,345,560,250,485,53,96,16,30,18,23,152,149,62,58,15,22,27,17,6,10,18,22
Universidad Católica,Colo Colo,0,0,1.06,1.39,66,34,12,13,4,2,5,7,3,4,9,3,2,1,10,13,1,2,0,1,13,10,27,30,10,11,2,0,6,7,6,6,461,246,362,157,75,66,27,12,12,12,159,133,39,54,8,20,16,16,9,9,12,25
Deportes Copiapó,Huachipato,1,1,1.08,0.76,49,51,13,10,4,5,6,4,3,1,11,6,5,2,10,10,3,2,0,0,10,9,22,13,8,8,0,1,2,0,1,0,388,411,299,327,57,62,28,19,12,12,140,143,34,31,2,5,17,10,7,20,19,19
Audax Italiano,Universidad de Chile,1,2,0.38,1.53,45,55,20,18,3,4,11,9,6,5,2,4,2,1,9,12,4,0,2,1,11,9,18,27,15,10,2,2,1,1,9,3,346,430,272,344,70,74,19,22,15,18,125,141,43,49,12,16,11,15,10,11,26,14
Unión La Calera,O'Higgins,0,1,1.19,1.31,63,37,15,9,3,2,9,4,3,3,10,3,2,2,13,11,3,5,0,1,11,12,26,18,6,13,0,1,8,5,7,4,476,285,365,171,60,80,29,8,7,9,180,163,39,33,7,7,17,11,12,21,5,17
Curicó Unido,Unión Española,0,1,1.25,1.35,52,48,17,20,0,4,13,12,4,4,2,2,4,0,10,5,1,0,0,0,4,9,30,36,14,8,3,1,3,0,1,2,525,490,389,349,80,85,23,24,12,21,197,203,49,65,18,22,20,15,8,14,24,18
Ñublense,Curicó Unido,1,2,1.14,1.63,62,38,8,13,3,5,3,4,2,4,6,4,1,1,15,17,4,2,0,0,16,13,26,13,5,5,1,2,0,1,0,1,537,329,448,235,75,70,24,9,26,8,162,134,57,67,12,25,14,25,9,11,5,22
Huachipato,Everton de Viña del Mar,3,0,1.69,1.31,52,48,13,15,7,4,4,7,2,4,0,4,0,2,9,12,3,3,1,1,12,9,12,23,14,8,1,0,0,1,8,7,479,438,395,350,74,65,13,21,13,14,144,151,46,56,10,7,19,29,15,17,15,6
Cobresal,Colo Colo,3,1,2.18,1.06,38,62,19,14,9,3,9,6,1,5,6,3,0,1,11,8,2,1,0,0,6,11,20,38,17,12,2,1,8,9,11,5,258,440,159,350,76,45,16,15,3,6,146,165,31,32,3,4,21,12,10,6,20,8
O'Higgins,Coquimbo Unido,0,2,2.65,1.08,63,37,28,11,5,3,12,8,11,0,8,9,1,1,10,6,2,2,0,0,6,9,23,22,11,20,5,1,5,0,1,1,492,285,383,170,73,82,30,22,10,16,160,173,56,47,25,22,17,9,7,13,18,24
Unión La Calera,Audax Italiano,0,0,1.4,2.65,51,49,15,16,4,2,8,10,3,4,9,7,2,2,9,10,2,4,0,0,9,9,31,22,11,10,0,1,0,1,1,1,339,336,248,247,61,77,23,21,16,13,159,145,45,51,13,11,14,21,9,11,16,22
Universidad de Chile,Deportes Copiapó,0,0,1.5,0.99,58,42,13,9,3,1,7,6,3,2,3,3,2,5,8,12,2,4,0,0,10,8,20,21,8,11,1,0,1,0,1,0,476,364,377,261,53,78,27,11,22,6,165,154,41,37,7,11,14,16,9,11,13,20
Deportes Magallanes,Universidad Católica,1,1,1.79,0.87,58,42,15,15,7,4,4,9,4,2,4,4,3,4,10,16,0,2,0,0,14,8,26,22,10,8,2,1,1,0,1,1,487,342,402,269,92,63,18,18,6,11,127,117,31,34,4,11,10,8,11,10,11,14
Unión Española,Palestino,2,0,1.09,0.3,38,62,7,8,5,0,1,3,1,5,3,6,5,1,12,4,2,3,0,0,4,12,31,32,13,4,1,0,0,1,5,7,301,486,181,363,66,87,13,23,7,22,182,195,42,54,15,14,20,16,7,12,20,6
Deportes Copiapó,Unión La Calera,0,0,0.6,0.54,45,55,14,8,4,2,6,2,4,4,4,1,8,1,9,12,0,1,0,0,10,8,27,33,10,11,1,1,1,1,1,1,380,467,272,369,86,80,24,23,4,12,165,171,49,44,12,12,23,17,19,10,28,24
Everton de Viña del Mar,Ñublense,1,0,2.46,0.67,44,56,25,7,11,1,8,2,6,4,4,1,8,1,9,12,0,1,0,0,10,8,27,33,10,11,3,0,3,0,1,0,374,471,268,364,53,89,17,21,15,13,165,179,50,60,14,11,18,24,15,20,18,11
Curicó Unido,Huachipato,1,3,0.4,3.14,49,51,7,22,4,8,2,11,1,3,2,8,0,1,13,7,2,0,0,0,6,12,24,20,19,6,0,7,0,4,0,1,467,477,360,399,76,56,15,29,17,22,159,146,43,51,12,10,22,18,10,14,17,9
Universidad Católica,Unión Española,2,2,1.97,1.57,65,35,11,13,6,7,5,6,0,0,7,3,2,2,13,10,6,1,0,1,10,13,24,12,6,12,3,1,1,0,1,0,515,279,415,181,63,78,33,12,16,10,158,148,62,43,32,6,13,19,10,14,10,21
Colo Colo,Universidad de Chile,0,0,1.04,0.22,63,37,14,10,5,2,5,6,4,2,3,4,2,3,13,13,1,2,0,0,13,13,40,30,10,8,1,0,1,0,5,5,417,247,295,123,83,76,18,15,14,16,194,189,55,48,11,16,17,13,18,21,9,25
Audax Italiano,O'Higgins,2,2,0.75,0.93,37,63,13,13,5,3,5,7,3,3,3,8,3,3,12,18,5,5,2,0,17,11,17,22,11,7,5,5,8,8,1,3,256,441,183,342,58,67,20,24,12,8,139,146,44,51,10,17,9,19,5,3,20,21
Coquimbo Unido,Cobresal,0,3,3.15,1.06,38,62,19,13,8,2,9,8,2,3,5,2,1,0,11,10,5,3,0,0,9,11,19,22,9,13,0,3,0,2,1,0,313,505,223,409,50,66,10,22,13,9,142,148,34,42,4,6,12,19,10,11,20,12
Palestino,Deportes Magallanes,3,2,1.15,1.32,34,66,13,5,7,4,4,0,2,1,1,2,2,5,8,7,2,4,0,0,7,8,29,26,3,8,3,2,1,0,7,4,297,570,199,474,67,89,8,12,5,19,154,149,40,44,9,9,21,21,12,6,4,12
Universidad de Chile,Unión La Calera,1,1,0.73,0.38,53,47,18,11,6,6,10,3,2,2,5,6,3,1,13,11,3,3,0,0,11,13,23,24,9,9,7,5,11,6,5,5,411,375,296,252,81,82,20,12,30,12,174,187,60,49,6,13,21,15,10,21,12,10
Coquimbo Unido,Audax Italiano,3,1,1.69,0.41,53,47,17,8,6,3,7,4,4,1,11,2,3,1,12,11,2,3,0,1,11,9,23,15,6,12,1,0,15,4,2,4,386,360,293,262,72,74,23,7,20,15,164,149,54,65,13,12,22,33,13,10,11,28
Palestino,Huachipato,2,1,1.37,0.57,31,69,12,10,6,2,4,5,2,3,4,6,7,1,8,14,3,5,1,1,12,8,20,21,6,4,1,1,1,0,0,1,235,532,164,467,63,57,14,21,13,4,117,115,44,34,8,7,18,16,12,11,13,12
Ñublense,Universidad Católica,1,2,0.54,1.5,46,54,15,11,1,6,6,5,8,0,5,1,1,0,8,16,7,4,3,0,15,8,15,24,8,8,1,3,1,1,9,6,348,412,265,328,70,67,14,10,10,9,128,124,48,45,7,19,19,15,15,15,10,15
O'Higgins,Curicó Unido,2,2,1.32,0.9,48,52,13,10,6,3,5,5,2,2,4,11,1,1,13,10,3,5,1,0,10,11,29,21,7,9,0,1,2,0,1,0,363,389,267,296,61,75,19,25,8,7,148,145,41,41,9,15,16,10,4,5,23,21
Unión Española,Deportes Copiapó,3,0,1.82,2.28,55,45,18,11,8,6,6,4,4,1,7,3,2,2,8,13,1,4,0,1,12,6,19,28,8,13,2,1,1,1,12,8,385,319,300,223,61,80,26,12,19,7,140,149,51,35,10,8,21,16,8,6,10,18
Colo Colo,Deportes Magallanes,2,0,1.77,0.27,42,58,14,2,3,1,10,0,1,1,8,2,5,2,7,14,1,1,0,0,13,6,27,26,6,13,3,0,1,0,1,0,373,524,258,405,57,86,17,5,11,9,164,170,65,38,25,13,19,15,10,8,7,17
Cobresal,Everton de Viña del Mar,3,2,1.81,0.75,45,55,18,13,6,5,10,5,2,3,6,2,1,0,9,17,3,4,0,0,15,9,24,19,13,12,2,0,1,0,10,8,346,426,255,334,81,57,20,20,9,28,134,150,52,43,11,11,20,8,10,8,11,13
Curicó Unido,Universidad de Chile,1,3,1.93,1.37,49,51,20,17,9,4,7,8,4,5,4,3,1,0,2,9,0,4,0,0,8,1,38,27,10,10,1,2,0,1,1,0,422,447,319,344,69,74,18,16,16,18,169,159,40,46,10,11,18,28,15,11,16,23
Universidad Católica,Palestino,5,2,2.48,2.38,46,54,13,19,6,7,5,9,2,3,2,9,1,2,8,9,1,2,0,0,9,7,21,30,12,6,4,3,1,2,1,1,392,452,305,359,91,85,8,21,17,14,133,147,51,44,12,8,21,23,14,6,21,3
Deportes Magallanes,Cobresal,2,1,0.84,0.55,56,44,10,5,3,3,5,2,2,0,1,6,0,6,12,16,2,4,0,0,14,11,21,18,4,8,0,1,0,1,4,3,541,414,443,328,67,53,10,18,9,12,158,160,46,48,9,5,15,27,10,3,20,12
Unión La Calera,Ñublense,1,1,1.37,1.51,44,56,12,11,6,6,4,4,2,1,4,2,2,4,13,11,3,2,0,1,10,13,17,25,8,8,2,2,1,2,7,5,375,472,280,386,49,65,14,22,24,25,156,154,59,56,15,13,20,17,14,10,21,10
Colo Colo,Coquimbo Unido,2,3,2.32,0.76,70,30,23,7,5,5,10,2,8,0,11,2,2,0,7,9,2,3,0,0,9,7,30,29,5,11,4,0,2,0,2,0,487,226,405,133,94,64,39,4,25,11,163,142,52,47,10,7,22,26,10,14,6,32
Deportes Copiapó,O'Higgins,2,2,2.42,0.85,43,57,15,11,7,4,5,5,3,2,3,6,2,0,11,11,5,3,0,0,11,11,17,27,13,12,5,0,4,0,13,3,323,438,227,325,91,69,16,18,8,6,146,162,40,38,11,9,17,14,13,7,30,11
Everton de Viña del Mar,Audax Italiano,3,1,1.87,0.79,51,49,16,7,4,2,6,4,6,1,5,7,2,1,9,12,3,3,0,0,11,9,10,21,6,10,2,1,1,0,0,1,397,386,302,284,61,59,14,18,13,21,132,155,44,44,13,10,18,15,12,22,13,11
Huachipato,Unión Española,1,0,1.22,1.32,56,44,11,15,2,7,8,6,1,2,3,5,1,3,13,13,4,2,1,0,13,13,12,23,8,10,0,3,0,3,2,1,453,341,372,254,62,56,14,18,18,21,132,145,57,52,13,15,18,15,8,12,20,9
Curicó Unido,Deportes Copiapó,1,2,1.58,0.94,62,38,14,18,5,8,5,5,4,5,7,12,5,0,3,10,2,3,0,0,9,3,31,30,8,9,2,3,2,1,0,1,526,315,417,208,88,75,22,24,18,9,171,166,40,34,10,7,14,17,8,4,31,19
Unión Española,Deportes Magallanes,1,2,0.76,1.15,42,58,12,15,5,5,4,9,3,1,7,7,2,1,9,6,1,1,0,0,4,7,20,15,10,11,0,1,2,0,2,0,415,590,321,493,75,72,24,18,10,10,153,142,40,41,9,10,20,20,8,9,11,31
Coquimbo Unido,Huachipato,1,2,2.15,0.73,50,50,16,13,4,3,6,6,6,4,10,1,2,1,12,6,1,1,0,0,6,11,19,27,10,11,2,0,1,0,13,6,443,462,352,377,47,62,35,11,20,4,154,149,48,34,12,7,15,14,6,11,10,22
Cobresal,Ñublense,1,1,2.11,0.47,48,52,17,6,3,2,13,1,1,3,4,2,5,10,2,5,0,1,0,0,10,3,19,23,5,14,2,0,1,0,2,0,476,541,397,442,69,70,22,11,10,15,128,134,33,30,5,4,12,16,22,20,15,17
Audax Italiano,Universidad Católica,1,2,2.18,1.31,47,53,18,11,6,3,10,5,2,3,3,7,4,1,14,9,4,1,2,2,9,13,19,24,7,12,2,0,1,0,1,0,370,412,292,322,67,71,10,16,17,5,128,146,49,40,8,7,21,15,10,8,6,5
O'Higgins,Universidad de Chile,0,1,0.86,1.61,57,43,13,17,4,5,6,8,3,4,4,4,1,4,6,14,2,4,0,0,13,6,39,32,9,12,0,3,0,2,1,1,398,304,278,197,94,74,25,15,15,15,192,171,67,51,18,17,27,21,13,11,10,24
Colo Colo,Everton de Viña del Mar,1,1,1.53,0.48,60,40,18,11,3,3,10,6,5,2,4,4,1,1,9,11,3,4,1,0,11,8,33,18,8,11,1,0,11,3,7,8,465,313,357,215,65,91,23,16,12,15,179,153,41,55,12,14,15,23,8,14,14,29
Palestino,Unión La Calera,1,1,0.77,0.72,47,53,11,11,4,3,4,4,3,4,4,4,1,2,8,12,1,2,1,1,12,7,28,26,8,12,1,0,1,0,1,0,352,415,284,337,62,48,31,17,16,15,139,140,53,43,6,17,26,13,6,12,12,22
Audax Italiano,Unión Española,1,1,1.88,1.04,67,33,21,10,7,3,11,4,3,3,7,2,1,0,9,8,5,5,0,1,7,9,23,17,11,15,2,0,2,0,1,0,560,288,483,195,84,59,39,13,18,12,158,141,47,50,11,12,16,25,10,9,3,25
Deportes Copiapó,Palestino,1,3,1.93,2.35,53,47,13,13,5,6,5,5,3,2,3,2,4,3,11,12,7,2,1,0,10,10,25,30,8,5,4,3,4,0,2,1,404,357,308,254,83,71,23,14,12,22,144,152,50,46,21,11,12,11,17,7,17,29
Unión La Calera,Curicó Unido,3,2,1.82,2,57,43,21,10,7,2,12,6,2,2,7,4,1,1,12,3,6,2,0,0,3,12,15,16,5,14,2,2,1,1,0,1,573,429,472,332,49,71,18,19,18,6,145,136,35,46,10,14,9,15,4,10,9,26
Universidad de Chile,Deportes Magallanes,2,1,1.53,2.19,38,62,7,15,6,2,1,9,0,4,2,8,3,2,11,16,5,4,1,1,13,10,13,24,11,5,2,3,0,2,4,10,317,515,227,414,75,70,10,22,17,15,136,146,50,45,4,13,22,17,7,8,13,10
Everton de Viña del Mar,Coquimbo Unido,2,0,1.76,2.34,47,53,12,15,6,5,5,8,1,2,5,8,1,0,12,6,1,0,0,0,6,11,23,27,11,11,1,1,1,1,9,9,419,470,307,363,87,77,20,37,21,27,166,196,65,61,14,22,31,16,18,6,21,10
Universidad Católica,Cobresal,3,3,1.44,2.23,57,43,12,20,4,8,6,7,2,5,3,6,1,2,12,8,5,2,0,0,7,10,24,21,13,9,3,0,7,15,5,5,546,390,465,317,65,49,12,30,23,5,130,135,39,45,9,10,16,23,12,12,20,11
Ñublense,O'Higgins,2,1,1.89,1.65,44,56,18,16,7,8,8,4,3,4,6,8,5,1,11,9,2,3,0,0,9,11,21,29,8,10,3,2,1,1,9,9,346,431,236,313,74,90,17,31,23,13,177,183,60,54,16,19,25,20,15,11,15,12
Huachipato,Colo Colo,0,1,0.31,0.92,59,41,7,11,2,3,2,6,3,2,6,4,0,7,9,8,2,4,2,0,6,8,25,20,11,5,0,1,2,3,5,8,418,289,308,207,74,56,14,12,11,9,169,146,42,35,6,3,25,18,13,17,9,21
Coquimbo Unido,Universidad Católica,2,1,0.71,1,29,71,8,16,2,6,4,7,2,3,7,5,1,0,13,5,5,1,1,0,4,13,17,15,12,6,5,11,3,5,5,1,225,589,136,508,55,79,23,17,9,16,131,116,28,42,5,8,13,12,13,17,10,13
Curicó Unido,Audax Italiano,2,1,0.76,0.53,61,39,11,13,4,4,3,6,4,3,11,4,2,0,4,11,4,2,0,0,11,4,29,22,12,9,7,5,4,8,4,2,498,338,399,245,67,58,35,8,9,10,165,143,32,27,7,7,12,13,5,13,15,29
Deportes Magallanes,Unión La Calera,1,1,1.96,1.11,60,40,16,9,7,2,8,4,1,3,8,5,2,2,9,12,3,3,0,1,11,9,27,18,11,13,3,1,3,1,11,6,474,323,385,244,75,59,31,17,3,16,140,120,31,37,5,7,13,14,7,11,11,28
Unión Española,Everton de Viña del Mar,1,1,0.82,0.9,50,50,7,15,3,3,3,9,1,3,5,4,1,0,6,7,3,5,1,0,5,6,37,28,13,10,4,11,3,4,2,2,379,376,227,236,91,87,17,28,10,10,219,211,49,48,11,23,29,13,13,17,23,21
Palestino,Universidad de Chile,2,0,1.84,1.49,48,52,13,11,6,3,4,5,3,3,2,2,0,1,12,8,2,1,0,0,8,11,25,23,10,7,2,1,0,1,1,0,379,413,289,320,71,65,14,12,12,16,148,154,51,44,16,6,20,18,20,10,18,15
Cobresal,Deportes Copiapó,1,0,1.57,0.38,47,53,17,14,5,1,7,10,5,3,3,8,1,1,8,8,1,2,0,0,8,8,25,21,16,14,5,0,4,0,2,0,417,447,333,351,74,61,11,33,12,8,126,151,43,41,16,13,11,17,18,13,30,8
O'Higgins,Huachipato,0,1,1.61,1.13,48,52,16,10,2,3,11,5,3,2,6,5,1,0,9,13,1,5,0,1,13,8,31,22,10,17,0,2,0,2,2,0,417,469,325,370,69,94,26,12,22,10,154,148,55,44,10,9,17,17,16,21,15,20
Colo Colo,Ñublense,1,0,1.95,0.34,52,48,24,5,2,1,10,2,12,2,11,1,1,1,11,12,2,2,1,1,9,11,34,23,5,11,2,0,1,0,11,4,436,413,352,304,65,73,24,9,14,8,157,161,47,48,9,10,22,24,6,12,10,15
Ñublense,Deportes Magallanes,3,2,1.98,1.6,42,58,18,12,7,5,5,6,6,1,1,3,3,0,8,7,1,1,1,0,6,7,24,22,9,5,3,4,1,3,11,9,418,592,328,489,60,61,15,13,27,14,154,152,39,62,7,21,18,29,15,6,11,14
Unión La Calera,Everton de Viña del Mar,3,2,1.79,0.85,39,61,14,15,7,3,3,5,4,7,6,6,2,1,8,9,1,1,0,0,8,8,29,33,10,5,2,3,0,1,0,1,315,498,194,373,81,60,15,22,14,14,188,196,49,45,15,13,23,21,24,14,22,13
Coquimbo Unido,Palestino,1,1,1.07,1.81,37,63,11,19,4,7,4,6,3,6,2,4,2,1,9,11,2,0,0,0,10,8,20,23,11,10,1,5,1,4,7,13,309,541,207,444,83,70,11,17,20,17,163,159,59,53,15,14,26,27,12,8,15,8
Universidad de Chile,Unión Española,1,0,1.37,0.74,39,61,15,17,3,5,7,6,5,6,7,6,3,0,3,8,3,3,0,2,7,3,29,27,8,9,2,1,1,1,10,10,319,512,207,404,78,102,19,29,18,25,169,181,62,47,15,15,27,16,5,17,21,16
Universidad Católica,Curicó Unido,3,1,1.45,1.72,59,41,14,15,7,3,5,10,2,2,6,2,1,3,6,8,1,2,0,0,7,6,15,22,11,13,1,0,0,1,1,0,555,382,464,297,91,52,22,18,16,6,138,134,49,33,18,9,18,16,11,7,16,17
Huachipato,Cobresal,2,1,1.15,1.47,63,37,16,9,7,1,6,6,3,2,10,6,0,3,8,5,2,5,0,0,5,6,24,28,8,13,3,2,2,1,0,1,530,322,440,216,50,69,32,10,21,4,159,163,37,37,9,8,12,20,13,21,21,18
O'Higgins,Colo Colo,5,1,3.75,1.02,57,43,17,6,7,4,6,2,4,0,3,4,3,1,9,17,1,4,0,0,17,9,22,33,7,9,4,0,1,1,13,5,375,286,282,191,61,67,15,10,12,10,148,156,58,47,16,12,19,24,6,7,12,9
Audax Italiano,Deportes Copiapó,3,0,1.69,1.52,54,46,13,16,5,6,8,10,0,0,11,3,4,0,11,12,3,3,0,1,9,9,18,17,10,9,3,1,3,1,0,2,442,389,380,310,65,82,26,9,28,10,129,109,41,48,10,7,13,26,12,11,19,19
Deportes Magallanes,O'Higgins,0,1,1.5,1.34,61,39,9,12,2,4,6,7,1,1,6,4,2,0,8,10,1,4,0,0,10,8,17,16,13,8,1,2,1,2,0,2,554,348,479,272,85,57,16,20,7,10,117,121,28,34,4,9,11,11,11,4,7,7
Unión Española,Ñublense,0,1,1.1,0.58,62,38,13,9,2,4,7,1,4,4,10,3,3,1,5,13,2,0,0,0,11,3,26,23,1,14,0,1,9,2,4,7,501,315,391,203,68,78,34,11,22,16,187,176,67,37,24,12,20,19,13,7,19,21
Palestino,Audax Italiano,1,1,1.73,0.45,51,49,20,11,2,3,12,7,6,1,7,4,1,3,5,10,2,2,0,0,8,4,25,26,12,15,5,0,4,0,1,0,407,401,325,315,61,66,25,14,17,16,137,143,47,38,12,8,17,20,4,7,10,27
Cobresal,Unión La Calera,3,1,1.65,1.37,47,53,16,17,6,5,6,10,4,2,7,4,1,3,5,10,2,2,0,0,8,4,25,26,12,15,3,2,2,2,10,7,415,468,313,369,73,50,12,16,8,18,153,164,48,45,13,12,22,20,11,9,23,10
Everton de Viña del Mar,Universidad Católica,0,3,2.87,1.14,47,53,20,12,6,7,10,4,4,1,7,3,2,3,12,14,2,4,0,0,13,12,32,16,8,11,4,0,4,0,2,0,316,353,236,265,63,83,21,17,5,17,142,139,40,48,7,13,18,18,7,6,7,18
Deportes Copiapó,Colo Colo,2,5,1.4,1.42,49,51,12,10,5,6,6,2,1,2,3,3,2,1,10,13,1,1,0,0,12,8,24,34,5,11,2,3,0,1,1,0,355,374,256,273,93,68,17,14,5,10,151,156,45,39,9,12,24,12,12,17,15,25
Curicó Unido,Coquimbo Unido,1,0,3.15,0.91,56,44,19,14,4,5,13,8,2,1,6,6,2,5,7,8,1,3,1,0,7,6,27,25,14,13,5,1,4,1,2,1,488,372,394,283,69,64,23,26,7,11,147,152,34,40,7,14,15,17,8,7,15,29
Universidad de Chile,Huachipato,1,3,2.72,2.65,43,57,17,10,5,5,7,3,5,2,6,5,3,1,16,8,6,2,0,0,7,15,26,28,12,16,3,3,2,0,2,1,258,352,155,226,65,83,15,13,20,9,180,195,57,55,16,15,23,22,8,11,20,11
