id,date,leagueName,homeTeam,awayTeam,homeTeam_score,awayTeam_score,homeidTeam,awayidTeam,BallPossesion_home,BallPossesion_away,expected_goals_home,expected_goals_away,total_shots_home,total_shots_away,ShotsOnTarget_home,ShotsOnTarget_away,big_chance_home,big_chance_away,big_chance_missed_title_home,big_chance_missed_title_away,accurate_passes_home,accurate_passes_away,fouls_home,fouls_away,corners_home,corners_away,shots_home,shots_away,ShotsOffTarget_home,ShotsOffTarget_away,blocked_shots_home,blocked_shots_away,shots_woodwork_home,shots_woodwork_away,shots_inside_box_home,shots_inside_box_away,shots_outside_box_home,shots_outside_box_away,expected_goals_open_play_home,expected_goals_open_play_away,expected_goals_set_play_home,expected_goals_set_play_away,expected_goals_non_penalty_home,expected_goals_non_penalty_away,expected_goals_on_target_home,expected_goals_on_target_away,passes_home,passes_away,own_half_passes_home,own_half_passes_away,opposition_half_passes_home,opposition_half_passes_away,long_balls_accurate_home,long_balls_accurate_away,accurate_crosses_home,accurate_crosses_away,player_throws_home,player_throws_away,touches_opp_box_home,touches_opp_box_away,Offsides_home,Offsides_away,defense_home,defense_away,tackles_succeeded_home,tackles_succeeded_away,interceptions_home,interceptions_away,shot_blocks_home,shot_blocks_away,clearances_home,clearances_away,keeper_saves_home,keeper_saves_away,duels_home,duels_away,duel_won_home,duel_won_away,ground_duels_won_home,ground_duels_won_away,aerials_won_home,aerials_won_away,dribbles_succeeded_home,dribbles_succeeded_away,discipline_home,discipline_away,yellow_cards_home,yellow_cards_away,red_cards_home,red_cards_away
4202486,2023-12-26,Championship,Huddersfield Town,Blackburn Rovers,3,0,9796,8655,32,68,1.21,0.52,12.0,10.0,6,1,2.0,0.0,0.0,0.0,227 (70%),570 (84%),10,8,6,4,,,2,4,4.0,5.0,0.0,0.0,10.0,3.0,2.0,7.0,1.16,0.45,0.05,0.07,1.21,0.52,1.68,0.13,322.0,676.0,116.0,286.0,111.0,284.0,23 (34%),27 (52%),4 (31%),1 (6%),20.0,14.0,28.0,26.0,2,3,,,7 (47%),19 (79%),12.0,7.0,4.0,4.0,25.0,13.0,1.0,3.0,,,44.0,48.0,29 (46%),34 (54%),15 (52%),14 (48%),6 (33%),0 (0%),,,1.0,4.0,0.0,0.0
4202487,2023-12-26,Championship,Hull City,Sunderland,0,1,8667,8472,57,43,0.81,1.03,10.0,17.0,6,3,2.0,1.0,2.0,1.0,554 (88%),401 (83%),6,8,3,7,,,1,5,3.0,9.0,0.0,0.0,7.0,10.0,3.0,7.0,0.75,0.94,0.06,0.09,0.81,1.03,2.27,1.06,628.0,481.0,345.0,199.0,209.0,202.0,39 (57%),29 (51%),3 (15%),4 (24%),25.0,13.0,25.0,42.0,3,0,,,15 (75%),17 (65%),11.0,14.0,9.0,3.0,23.0,23.0,2.0,6.0,,,54.0,52.0,43 (49%),44 (51%),11 (58%),8 (42%),15 (47%),13 (59%),,,1.0,1.0,0.0,0.0
4202488,2023-12-26,Championship,Ipswich Town,Leicester City,1,1,9902,8197,45,55,1.07,0.3,19.0,5.0,3,2,1.0,0.0,1.0,0.0,372 (84%),484 (86%),9,9,11,2,,,8,3,8.0,0.0,0.0,0.0,8.0,5.0,11.0,0.0,0.64,0.23,0.43,0.08,1.07,0.3,0.4,0.31,443.0,566.0,193.0,309.0,179.0,175.0,18 (47%),38 (55%),6 (23%),4 (57%),30.0,15.0,33.0,28.0,1,2,,,12 (71%),10 (77%),7.0,12.0,0.0,8.0,12.0,26.0,1.0,2.0,,,51.0,35.0,36 (54%),31 (46%),15 (79%),4 (21%),10 (59%),10 (56%),,,1.0,2.0,0.0,0.0
4202491,2023-12-26,Championship,Rotherham United,Middlesbrough,1,0,8119,8549,29,71,0.07,1.28,3.0,20.0,1,5,0.0,1.0,0.0,1.0,187 (67%),579 (87%),12,8,0,11,,,1,9,1.0,6.0,0.0,2.0,1.0,12.0,2.0,8.0,0.07,1.11,0.0,0.18,0.07,1.28,0.77,0.96,278.0,668.0,110.0,221.0,77.0,358.0,35 (42%),31 (54%),2 (20%),5 (19%),14.0,29.0,4.0,36.0,3,2,,,12 (57%),7 (70%),13.0,4.0,6.0,1.0,27.0,6.0,5.0,0.0,,,49.0,49.0,33 (57%),25 (43%),16 (40%),24 (60%),4 (40%),6 (40%),,,0.0,0.0,0.0,0.0
4202492,2023-12-26,Championship,Watford,Bristol City,1,4,9817,8427,59,41,0.93,1.31,13.0,15.0,5,5,2.0,3.0,1.0,1.0,473 (87%),302 (79%),10,4,6,6,,,7,6,1.0,4.0,0.0,0.0,6.0,11.0,7.0,4.0,0.87,1.06,0.06,0.25,0.93,1.31,1.49,2.11,542.0,380.0,272.0,178.0,201.0,124.0,31 (55%),23 (37%),8 (31%),3 (20%),28.0,18.0,13.0,21.0,3,0,,,10 (77%),11 (58%),8.0,8.0,4.0,1.0,21.0,21.0,2.0,4.0,,,42.0,53.0,27 (41%),39 (59%),15 (52%),14 (48%),10 (50%),10 (71%),,,1.0,0.0,0.0,0.0
4202493,2023-12-26,Championship,West Bromwich Albion,Norwich City,1,0,8659,9850,74,26,2.06,0.47,21.0,7.0,3,3,1.0,1.0,0.0,1.0,562 (87%),144 (62%),5,8,12,4,,,12,4,6.0,0.0,1.0,0.0,12.0,4.0,9.0,3.0,1.68,0.04,0.38,0.43,2.06,0.47,1.05,0.86,644.0,231.0,159.0,91.0,403.0,53.0,12 (43%),17 (25%),15 (29%),2 (20%),26.0,25.0,54.0,7.0,1,3,,,3 (30%),11 (69%),2.0,9.0,0.0,5.0,16.0,51.0,3.0,2.0,,,39.0,39.0,20 (42%),28 (58%),19 (63%),11 (37%),3 (25%),7 (58%),,,1.0,0.0,0.0,1.0
4202494,2023-12-29,Championship,Birmingham City,Bristol City,0,0,8658,8427,36,64,0.14,1.16,5.0,8.0,1,0,0.0,1.0,0.0,1.0,234 (69%),474 (79%),11,6,1,6,,,4,5,0.0,3.0,0.0,0.0,3.0,5.0,2.0,3.0,0.12,1.08,0.01,0.08,0.14,1.16,0.03,0.0,340.0,597.0,151.0,282.0,83.0,192.0,23 (36%),35 (44%),1 (11%),3 (15%),26.0,44.0,10.0,19.0,0,0,,,15 (58%),14 (50%),10.0,8.0,3.0,0.0,28.0,6.0,0.0,1.0,,,57.0,66.0,42 (48%),45 (52%),15 (42%),21 (58%),10 (36%),6 (29%),,,0.0,0.0,0.0,0.0
4202495,2023-12-29,Championship,Huddersfield Town,Middlesbrough,1,2,9796,8549,42,58,0.78,1.43,16.0,9.0,5,5,2.0,4.0,2.0,3.0,362 (85%),547 (88%),11,11,7,2,,,11,3,0.0,1.0,1.0,0.0,6.0,8.0,10.0,1.0,0.71,0.53,0.07,0.11,0.78,0.64,1.1,1.91,428.0,625.0,194.0,301.0,168.0,246.0,14 (40%),41 (60%),11 (28%),2 (22%),14.0,12.0,25.0,22.0,1,2,,,11 (52%),11 (65%),14.0,10.0,2.0,0.0,10.0,32.0,2.0,4.0,,,51.0,53.0,40 (51%),39 (49%),11 (44%),14 (56%),9 (56%),11 (48%),,,0.0,2.0,0.0,0.0
4202496,2023-12-29,Championship,Hull City,Blackburn Rovers,3,2,8667,8655,38,62,1.65,0.92,21.0,10.0,9,4,3.0,1.0,2.0,0.0,327 (82%),560 (85%),15,12,3,4,,,8,1,4.0,5.0,0.0,1.0,13.0,9.0,8.0,1.0,1.21,0.89,0.44,0.03,1.65,0.92,2.54,0.58,401.0,661.0,203.0,311.0,124.0,249.0,26 (41%),25 (44%),2 (18%),2 (10%),18.0,24.0,20.0,19.0,0,1,,,9 (60%),11 (69%),8.0,4.0,5.0,4.0,28.0,12.0,2.0,6.0,,,53.0,46.0,37 (49%),38 (51%),16 (67%),8 (33%),10 (48%),8 (62%),,,3.0,3.0,0.0,1.0
4202497,2023-12-29,Championship,Ipswich Town,Queens Park Rangers,0,0,9902,10172,54,46,0.66,0.43,7.0,10.0,5,2,1.0,1.0,1.0,1.0,441 (83%),357 (82%),13,5,5,9,,,2,4,0.0,4.0,0.0,1.0,5.0,7.0,2.0,3.0,0.57,0.3,0.09,0.13,0.66,0.43,0.59,0.39,529.0,435.0,250.0,219.0,191.0,138.0,13 (38%),22 (47%),4 (15%),4 (16%),23.0,18.0,16.0,17.0,3,0,,,9 (60%),9 (69%),13.0,15.0,4.0,0.0,19.0,25.0,2.0,5.0,,,36.0,53.0,23 (38%),37 (62%),13 (45%),16 (55%),3 (38%),11 (69%),,,3.0,2.0,0.0,0.0
4202499,2023-12-26,Championship,Birmingham City,Stoke City,1,3,8658,10194,51,49,1.6,1.26,14.0,11.0,5,5,2.0,5.0,1.0,3.0,297 (76%),295 (74%),10,12,5,3,,,5,4,4.0,2.0,0.0,1.0,9.0,9.0,5.0,2.0,1.36,1.2,0.24,0.06,1.6,1.26,1.46,2.17,390.0,399.0,175.0,173.0,122.0,122.0,23 (38%),31 (46%),10 (37%),1 (13%),31.0,32.0,25.0,21.0,1,3,,,8 (80%),7 (47%),11.0,11.0,3.0,4.0,10.0,25.0,1.0,4.0,,,43.0,52.0,34 (51%),33 (49%),9 (32%),19 (68%),12 (60%),8 (73%),,,2.0,3.0,0.0,0.0
4202512,2023-12-29,Championship,Millwall,Norwich City,1,0,10004,9850,35,65,2.26,0.59,11.0,11.0,5,3,3.0,0.0,2.0,0.0,214 (75%),484 (89%),11,12,5,3,,,4,6,2.0,2.0,1.0,0.0,10.0,5.0,1.0,6.0,1.55,0.5,0.71,0.09,2.26,0.59,2.04,0.18,286.0,544.0,130.0,259.0,84.0,225.0,24 (39%),23 (56%),2 (12%),3 (14%),14.0,27.0,15.0,21.0,0,1,,,10 (45%),9 (56%),4.0,11.0,2.0,2.0,29.0,20.0,3.0,4.0,,,51.0,51.0,37 (54%),31 (46%),14 (41%),20 (59%),3 (27%),5 (28%),,,4.0,5.0,1.0,0.0
4202513,2023-12-29,Championship,Preston North End,Sheffield Wednesday,0,1,8411,10163,69,31,0.53,0.51,9.0,6.0,2,3,1.0,1.0,1.0,0.0,534 (82%),194 (63%),10,11,3,0,,,6,3,1.0,0.0,1.0,0.0,4.0,3.0,5.0,3.0,0.51,0.46,0.02,0.05,0.53,0.51,0.66,0.36,650.0,306.0,213.0,135.0,321.0,59.0,42 (49%),15 (19%),4 (11%),2 (40%),38.0,21.0,27.0,6.0,2,0,,,13 (65%),14 (58%),7.0,5.0,0.0,1.0,5.0,36.0,2.0,2.0,,,53.0,58.0,32 (44%),40 (56%),21 (54%),18 (46%),2 (18%),7 (37%),,,4.0,2.0,0.0,1.0
4202525,2023-12-29,Championship,Rotherham United,Sunderland,1,1,8119,8472,30,70,1.55,0.35,13.0,10.0,4,3,1.0,0.0,1.0,0.0,186 (68%),548 (87%),10,9,4,8,,,6,6,3.0,1.0,0.0,0.0,9.0,2.0,4.0,8.0,0.53,0.26,1.02,0.09,1.55,0.35,1.23,0.64,272.0,632.0,100.0,317.0,86.0,231.0,28 (38%),25 (66%),3 (21%),5 (24%),23.0,24.0,18.0,23.0,0,2,,,12 (75%),7 (64%),10.0,4.0,1.0,3.0,21.0,16.0,2.0,3.0,,,44.0,66.0,36 (50%),36 (50%),8 (21%),30 (79%),11 (79%),15 (63%),,,2.0,1.0,0.0,0.0
4202526,2023-12-29,Championship,Southampton,Plymouth Argyle,2,1,8466,8401,78,22,2.98,0.47,26.0,8.0,7,1,4.0,0.0,3.0,0.0,692 (92%),144 (68%),8,8,9,3,,,9,4,10.0,3.0,1.0,0.0,16.0,4.0,10.0,4.0,2.82,0.43,0.16,0.04,2.98,0.47,2.79,0.34,752.0,212.0,280.0,91.0,412.0,53.0,29 (74%),23 (50%),10 (36%),3 (43%),18.0,16.0,58.0,16.0,4,3,,,9 (60%),12 (75%),7.0,7.0,3.0,10.0,10.0,32.0,0.0,7.0,,,49.0,41.0,35 (53%),31 (47%),14 (58%),10 (42%),15 (63%),7 (58%),,,3.0,2.0,0.0,0.0
4202527,2023-12-29,Championship,Watford,Stoke City,1,1,9817,10194,46,54,1.42,0.82,13.0,14.0,6,4,2.0,1.0,1.0,1.0,363 (81%),454 (86%),7,10,5,4,,,5,7,2.0,3.0,1.0,0.0,10.0,13.0,3.0,1.0,0.29,0.75,1.14,0.08,1.42,0.82,1.42,1.2,449.0,526.0,232.0,189.0,131.0,265.0,33 (52%),32 (71%),4 (24%),5 (20%),15.0,20.0,19.0,35.0,2,2,,,9 (64%),7 (64%),17.0,14.0,3.0,2.0,18.0,9.0,3.0,4.0,,,48.0,29.0,33 (59%),23 (41%),15 (71%),6 (29%),9 (64%),6 (55%),,,4.0,1.0,1.0,0.0
4202528,2023-12-29,Championship,West Bromwich Albion,Leeds United,1,0,8659,8463,38,62,1.36,0.96,13.0,15.0,3,1,3.0,1.0,2.0,1.0,244 (76%),483 (88%),8,10,11,8,,,3,3,7.0,11.0,0.0,0.0,10.0,7.0,3.0,8.0,1.04,0.76,0.32,0.21,1.36,0.96,1.14,0.05,320.0,546.0,120.0,250.0,124.0,233.0,19 (38%),22 (56%),6 (23%),11 (32%),18.0,27.0,19.0,29.0,1,4,,,14 (67%),12 (71%),8.0,6.0,11.0,8.0,27.0,25.0,1.0,1.0,,,42.0,54.0,34 (49%),36 (51%),8 (31%),18 (69%),5 (38%),11 (42%),,,1.0,1.0,0.0,0.0
4202585,2023-12-26,Championship,Southampton,Swansea City,5,0,8466,10003,60,40,2.05,0.39,11.0,4.0,9,1,3.0,2.0,1.0,2.0,618 (92%),391 (87%),15,13,3,1,,,0,2,2.0,1.0,0.0,0.0,8.0,4.0,3.0,0.0,1.98,0.22,0.07,0.17,2.05,0.39,3.6,0.26,674.0,451.0,382.0,276.0,236.0,115.0,17 (53%),21 (51%),2 (13%),1 (17%),16.0,17.0,33.0,10.0,0,1,,,13 (72%),11 (65%),9.0,14.0,1.0,1.0,3.0,22.0,1.0,4.0,,,46.0,41.0,42 (54%),36 (46%),4 (44%),5 (56%),11 (50%),5 (45%),,,2.0,4.0,0.0,0.0
4202590,2023-12-29,Championship,Coventry City,Swansea City,2,2,8669,10003,49,51,2.61,1.2,21.0,12.0,5,4,2.0,1.0,1.0,1.0,372 (82%),394 (82%),14,11,12,4,,,7,6,9.0,2.0,0.0,0.0,16.0,8.0,5.0,4.0,1.94,0.9,0.67,0.3,2.61,1.2,1.7,0.8,452.0,483.0,194.0,228.0,178.0,166.0,14 (35%),25 (40%),11 (50%),5 (33%),25.0,15.0,40.0,17.0,3,1,,,12 (67%),15 (68%),16.0,8.0,2.0,8.0,19.0,17.0,2.0,3.0,,,50.0,57.0,32 (43%),42 (57%),18 (55%),15 (45%),3 (18%),6 (50%),,,1.0,4.0,0.0,0.0
4202591,2023-12-29,Championship,Cardiff City,Leicester City,0,2,8344,8197,36,64,0.42,1.7,10.0,9.0,2,4,0.0,3.0,0.0,2.0,322 (82%),653 (90%),11,7,5,2,,,3,4,5.0,1.0,0.0,2.0,5.0,7.0,5.0,2.0,0.34,1.7,0.07,0.0,0.42,1.7,0.31,1.38,391.0,722.0,211.0,424.0,111.0,229.0,26 (53%),27 (59%),2 (12%),3 (43%),32.0,22.0,12.0,20.0,1,1,,,11 (92%),11 (61%),5.0,10.0,2.0,5.0,10.0,16.0,1.0,2.0,,,39.0,43.0,26 (43%),35 (57%),13 (62%),8 (38%),8 (44%),6 (67%),,,1.0,0.0,0.0,0.0
4203201,2023-12-29,League One,Fleetwood Town,Bolton Wanderers,0,2,45723,8559,41,59,0.2,1.14,4.0,18.0,1,6,0.0,2.0,0.0,1.0,180 (62%),315 (75%),14,7,3,6,,,1,6,2.0,6.0,0.0,1.0,1.0,11.0,3.0,7.0,0.06,1.11,0.14,0.03,0.2,1.14,0.05,1.91,292.0,421.0,92.0,152.0,88.0,163.0,38 (43%),15 (32%),2 (25%),2 (12%),27.0,43.0,8.0,29.0,1,4,,,15 (88%),18 (72%),12.0,5.0,7.0,2.0,20.0,11.0,3.0,1.0,,,56.0,65.0,33 (42%),45 (58%),23 (53%),20 (47%),9 (60%),8 (50%),,,2.0,1.0,0.0,0.0
4203202,2023-12-29,League One,Exeter City,Portsmouth,0,0,9833,8462,37,63,2.01,0.99,15.0,10.0,2,2,1.0,2.0,1.0,2.0,167 (58%),378 (73%),13,13,3,6,,,6,6,7.0,2.0,1.0,0.0,13.0,9.0,2.0,1.0,1.67,0.75,0.34,0.24,2.01,0.99,0.66,0.27,290.0,519.0,82.0,228.0,85.0,150.0,10 (14%),42 (41%),5 (28%),6 (23%),33.0,35.0,19.0,31.0,1,3,,,5 (63%),4 (67%),4.0,3.0,2.0,7.0,27.0,14.0,2.0,2.0,,,48.0,52.0,30 (56%),24 (44%),18 (39%),28 (61%),9 (75%),7 (78%),,,1.0,2.0,0.0,0.0
4203203,2023-12-29,League One,Cheltenham Town,Reading,2,2,8680,9798,52,48,1.63,1.33,21.0,13.0,8,5,4.0,2.0,4.0,0.0,164 (54%),159 (57%),10,13,7,5,,,4,3,9.0,5.0,0.0,0.0,16.0,8.0,5.0,5.0,1.24,0.88,0.4,0.45,1.63,1.33,2.77,2.39,305.0,279.0,43.0,94.0,121.0,65.0,26 (31%),23 (26%),4 (14%),7 (41%),43.0,28.0,32.0,14.0,2,1,,,8 (57%),7 (50%),11.0,10.0,5.0,10.0,15.0,54.0,3.0,6.0,,,77.0,85.0,35 (51%),34 (49%),42 (45%),51 (55%),10 (71%),10 (63%),,,2.0,4.0,0.0,0.0
4203204,2023-12-29,League One,Burton Albion,Shrewsbury Town,1,0,9792,9896,52,48,0.68,0.89,6.0,13.0,4,1,2.0,1.0,1.0,1.0,166 (50%),130 (43%),15,15,4,7,,,1,8,1.0,4.0,0.0,0.0,3.0,8.0,3.0,5.0,0.18,0.76,0.5,0.13,0.68,0.89,1.05,0.18,331.0,301.0,72.0,44.0,94.0,86.0,20 (20%),19 (18%),2 (17%),2 (9%),21.0,31.0,18.0,16.0,0,3,,,3 (75%),7 (50%),8.0,4.0,4.0,1.0,37.0,16.0,1.0,3.0,,,70.0,60.0,18 (37%),31 (63%),52 (64%),29 (36%),4 (44%),2 (50%),,,2.0,1.0,0.0,0.0
4203205,2023-12-29,League One,Bristol Rovers,Charlton Athletic,2,1,10104,8451,51,49,1.48,0.9,15.0,11.0,5,4,2.0,1.0,0.0,0.0,317 (75%),328 (77%),10,16,7,4,,,5,5,5.0,2.0,0.0,1.0,9.0,5.0,6.0,6.0,0.45,0.73,1.03,0.16,1.48,0.9,2.03,1.02,423.0,426.0,125.0,224.0,192.0,104.0,36 (44%),19 (33%),5 (23%),2 (14%),25.0,28.0,27.0,19.0,4,0,,,13 (72%),11 (52%),10.0,10.0,2.0,4.0,12.0,28.0,3.0,3.0,,,54.0,60.0,46 (51%),44 (49%),8 (33%),16 (67%),12 (67%),13 (54%),,,0.0,3.0,0.0,0.0
4203206,2023-12-26,League One,Wigan Athletic,Derby County,0,1,8528,10170,54,46,0.21,0.96,10.0,12.0,0,4,0.0,3.0,0.0,3.0,349 (81%),283 (78%),11,13,6,5,,,4,6,6.0,2.0,0.0,1.0,4.0,9.0,6.0,3.0,0.12,0.36,0.09,0.6,0.21,0.96,0.0,1.22,429.0,364.0,221.0,113.0,128.0,170.0,19 (37%),18 (36%),3 (15%),4 (22%),29.0,31.0,9.0,31.0,0,3,,,11 (69%),18 (64%),3.0,5.0,2.0,6.0,21.0,22.0,3.0,0.0,,,48.0,65.0,36 (44%),45 (56%),12 (38%),20 (63%),8 (57%),6 (46%),,,4.0,3.0,0.0,0.0
4203207,2023-12-26,League One,Stevenage,Northampton Town,3,0,10253,8651,54,46,1.98,0.04,11.0,2.0,7,0,4.0,0.0,3.0,0.0,219 (57%),166 (49%),12,15,6,1,,,4,1,0.0,1.0,0.0,0.0,7.0,1.0,4.0,1.0,1.79,0.0,0.19,0.04,1.98,0.04,2.23,0.0,385.0,339.0,91.0,113.0,128.0,53.0,25 (25%),21 (21%),6 (26%),0 (0%),36.0,37.0,19.0,4.0,5,0,,,8 (62%),13 (81%),9.0,11.0,1.0,1.0,17.0,35.0,0.0,3.0,,,82.0,56.0,36 (54%),31 (46%),46 (65%),25 (35%),9 (56%),3 (33%),,,0.0,1.0,0.0,0.0
4203208,2023-12-26,League One,Port Vale,Barnsley,2,3,9799,8283,59,41,1.81,1.15,22.0,11.0,7,7,3.0,1.0,2.0,0.0,392 (77%),250 (68%),7,7,10,3,,,7,3,8.0,1.0,0.0,0.0,12.0,4.0,10.0,7.0,1.42,0.91,0.39,0.24,1.81,1.15,1.98,1.54,510.0,370.0,224.0,169.0,168.0,81.0,32 (41%),24 (30%),9 (32%),2 (22%),34.0,23.0,30.0,8.0,4,7,,,4 (44%),12 (80%),3.0,4.0,1.0,8.0,7.0,38.0,4.0,5.0,,,43.0,56.0,23 (48%),25 (52%),20 (39%),31 (61%),7 (58%),3 (30%),,,3.0,1.0,0.0,0.0
4203209,2023-12-26,League One,Peterborough United,Reading,2,2,8677,9798,61,39,1.22,0.75,20.0,6.0,5,2,2.0,1.0,1.0,0.0,476 (87%),283 (78%),7,18,16,2,,,7,2,8.0,2.0,1.0,1.0,15.0,4.0,5.0,2.0,0.83,0.75,0.39,0.0,1.22,0.75,1.14,1.6,550.0,364.0,269.0,175.0,207.0,108.0,27 (54%),28 (44%),7 (17%),1 (8%),23.0,17.0,43.0,17.0,3,1,,,7 (54%),12 (80%),6.0,8.0,2.0,7.0,16.0,39.0,0.0,3.0,,,51.0,40.0,42 (64%),24 (36%),9 (36%),16 (64%),13 (59%),3 (27%),,,1.0,3.0,0.0,0.0
4203210,2023-12-26,League One,Oxford United,Cambridge United,2,1,8653,9834,59,41,1.5,1.67,16.0,15.0,9,2,2.0,2.0,1.0,2.0,414 (78%),238 (67%),9,15,4,6,,,4,8,3.0,5.0,0.0,0.0,9.0,9.0,7.0,6.0,0.69,1.46,0.81,0.21,1.5,1.67,2.93,0.71,530.0,357.0,258.0,103.0,156.0,135.0,30 (38%),23 (29%),3 (18%),2 (10%),26.0,27.0,28.0,29.0,1,1,,,10 (71%),14 (70%),8.0,4.0,5.0,3.0,29.0,19.0,1.0,7.0,,,63.0,62.0,39 (50%),39 (50%),24 (51%),23 (49%),11 (50%),11 (61%),,,2.0,4.0,0.0,0.0
4203211,2023-12-29,League One,Leyton Orient,Wycombe Wanderers,0,0,8351,8676,61,39,0.44,0.13,10.0,5.0,3,0,0.0,0.0,0.0,0.0,306 (68%),156 (53%),7,8,10,5,,,4,2,3.0,3.0,0.0,0.0,5.0,2.0,5.0,3.0,0.38,0.11,0.06,0.02,0.44,0.13,0.81,0.0,453.0,292.0,173.0,91.0,133.0,65.0,27 (30%),31 (31%),4 (20%),2 (17%),19.0,40.0,23.0,12.0,1,2,,,9 (75%),8 (67%),9.0,9.0,3.0,3.0,20.0,29.0,0.0,3.0,,,47.0,55.0,23 (52%),21 (48%),24 (41%),34 (59%),4 (33%),3 (30%),,,1.0,0.0,0.0,0.0
4203212,2023-12-29,League One,Lincoln City,Northampton Town,1,2,8430,8651,49,51,1.4,0.75,13.0,8.0,5,4,3.0,1.0,2.0,1.0,251 (67%),298 (73%),8,11,8,4,,,3,2,5.0,2.0,0.0,0.0,5.0,3.0,8.0,5.0,1.05,0.67,0.35,0.08,1.4,0.75,2.06,1.82,373.0,407.0,151.0,144.0,100.0,154.0,27 (36%),28 (36%),6 (26%),2 (12%),32.0,33.0,18.0,10.0,1,2,,,6 (50%),3 (50%),10.0,7.0,2.0,6.0,19.0,34.0,2.0,3.0,,,48.0,35.0,24 (53%),21 (47%),24 (63%),14 (37%),2 (50%),8 (57%),,,1.0,5.0,1.0,0.0
4203218,2023-12-29,League One,Wigan Athletic,Carlisle United,2,0,8528,10196,57,43,2.86,0.9,19.0,12.0,3,2,4.0,1.0,2.0,1.0,399 (83%),279 (79%),11,11,6,5,,,9,4,7.0,6.0,1.0,0.0,12.0,7.0,7.0,5.0,0.6,0.52,1.47,0.38,2.07,0.9,2.0,0.35,478.0,351.0,217.0,104.0,182.0,175.0,36 (49%),28 (51%),6 (29%),7 (25%),28.0,20.0,22.0,15.0,1,0,,,5 (38%),12 (86%),6.0,8.0,5.0,6.0,21.0,20.0,2.0,1.0,,,47.0,44.0,31 (54%),26 (46%),16 (47%),18 (53%),7 (44%),1 (17%),,,4.0,6.0,0.0,0.0
4203220,2023-12-29,League One,Port Vale,Blackpool,3,0,9799,8483,39,61,1.74,0.92,15.0,14.0,8,3,2.0,1.0,0.0,1.0,207 (68%),357 (80%),10,17,3,10,,,4,8,3.0,3.0,0.0,1.0,10.0,10.0,5.0,4.0,0.98,0.52,0.76,0.4,1.74,0.92,2.13,0.55,304.0,447.0,87.0,184.0,120.0,173.0,25 (40%),35 (45%),1 (14%),7 (18%),22.0,18.0,17.0,24.0,2,2,,,5 (50%),8 (62%),3.0,3.0,2.0,3.0,32.0,13.0,3.0,5.0,,,55.0,49.0,33 (53%),29 (47%),22 (52%),20 (48%),7 (47%),6 (55%),,,1.0,2.0,0.0,0.0
4203221,2023-12-29,League One,Peterborough United,Barnsley,2,2,8677,8283,57,43,1.38,1.51,15.0,20.0,5,5,3.0,3.0,2.0,1.0,422 (80%),282 (71%),6,13,3,6,,,4,8,6.0,7.0,1.0,1.0,11.0,11.0,4.0,9.0,1.36,1.2,0.02,0.32,1.38,1.51,1.28,2.11,527.0,396.0,241.0,129.0,181.0,153.0,58 (59%),32 (38%),8 (31%),1 (5%),27.0,17.0,35.0,23.0,3,0,,,5 (63%),5 (45%),14.0,6.0,7.0,6.0,18.0,35.0,3.0,3.0,,,55.0,41.0,29 (58%),21 (42%),26 (57%),20 (43%),8 (73%),5 (63%),,,0.0,1.0,0.0,0.0
4203222,2023-12-29,League One,Oxford United,Derby County,2,3,8653,10170,34,66,1.24,2.85,9.0,21.0,6,5,1.0,7.0,0.0,4.0,202 (68%),426 (81%),4,17,2,19,,,2,8,1.0,8.0,0.0,1.0,5.0,17.0,4.0,4.0,0.13,1.21,0.33,1.64,0.45,2.85,1.63,2.84,299.0,528.0,125.0,213.0,77.0,213.0,19 (28%),26 (53%),1 (17%),17 (32%),17.0,42.0,12.0,29.0,1,3,,,8 (44%),11 (65%),11.0,5.0,8.0,1.0,41.0,11.0,2.0,4.0,,,62.0,54.0,39 (58%),28 (42%),23 (47%),26 (53%),6 (55%),7 (54%),,,1.0,4.0,0.0,0.0
4203223,2023-12-26,League One,Lincoln City,Bolton Wanderers,0,1,8430,8559,29,71,0.06,1.14,3.0,21.0,1,4,0.0,0.0,0.0,0.0,145 (58%),487 (81%),12,7,0,14,,,2,7,0.0,10.0,0.0,0.0,1.0,11.0,2.0,10.0,0.04,0.76,0.02,0.39,0.06,1.14,0.03,0.75,252.0,604.0,69.0,276.0,76.0,211.0,15 (22%),26 (50%),1 (20%),5 (21%),27.0,29.0,3.0,35.0,0,1,,,8 (53%),10 (91%),15.0,7.0,10.0,0.0,27.0,8.0,3.0,1.0,,,39.0,40.0,26 (48%),28 (52%),13 (52%),12 (48%),4 (80%),6 (50%),,,3.0,1.0,1.0,0.0
4203224,2023-12-26,League One,Leyton Orient,Charlton Athletic,1,0,8351,8451,46,54,0.84,0.45,8.0,10.0,4,5,1.0,0.0,1.0,0.0,175 (58%),233 (63%),12,5,7,5,,,3,2,1.0,3.0,0.0,0.0,4.0,9.0,4.0,1.0,0.71,0.37,0.13,0.08,0.84,0.45,1.58,0.43,302.0,368.0,68.0,151.0,107.0,82.0,29 (34%),24 (24%),3 (19%),1 (10%),34.0,47.0,18.0,17.0,2,2,,,10 (48%),15 (65%),5.0,2.0,4.0,1.0,9.0,16.0,4.0,3.0,,,53.0,60.0,34 (46%),40 (54%),19 (49%),20 (51%),9 (53%),6 (55%),,,5.0,1.0,0.0,0.0
4203237,2023-12-26,League One,Fleetwood Town,Carlisle United,1,1,45723,10196,55,45,0.48,0.29,12.0,8.0,2,3,3.0,2.0,2.0,2.0,325 (72%),234 (63%),11,7,5,4,,,4,2,6.0,3.0,0.0,0.0,7.0,5.0,5.0,3.0,0.33,0.26,0.15,0.03,0.48,0.29,0.66,0.37,449.0,373.0,159.0,104.0,166.0,130.0,31 (39%),27 (29%),4 (22%),3 (19%),26.0,24.0,19.0,14.0,1,6,,,8 (73%),15 (79%),10.0,8.0,3.0,6.0,15.0,13.0,2.0,1.0,,,59.0,59.0,23 (43%),31 (57%),36 (56%),28 (44%),6 (33%),2 (33%),,,1.0,0.0,0.0,0.0
4203238,2023-12-26,League One,Exeter City,Wycombe Wanderers,1,0,9833,8676,54,46,1.74,1.44,14.0,11.0,5,4,1.0,1.0,0.0,1.0,287 (67%),207 (58%),12,8,8,9,,,2,5,7.0,2.0,0.0,1.0,9.0,5.0,5.0,6.0,1.49,0.28,0.25,0.37,1.74,0.65,1.47,1.24,429.0,359.0,150.0,99.0,137.0,108.0,29 (35%),30 (33%),2 (13%),4 (15%),23.0,30.0,31.0,18.0,0,2,,,7 (64%),13 (76%),10.0,9.0,1.0,7.0,49.0,19.0,4.0,4.0,,,48.0,59.0,28 (47%),31 (53%),20 (42%),28 (58%),10 (71%),3 (38%),,,3.0,2.0,0.0,0.0
4203239,2023-12-26,League One,Cheltenham Town,Shrewsbury Town,2,0,8680,9896,49,51,1.22,0.75,15.0,16.0,5,0,1.0,0.0,0.0,0.0,129 (49%),150 (53%),14,15,5,3,,,7,7,3.0,9.0,1.0,0.0,6.0,7.0,9.0,9.0,0.41,0.44,0.81,0.31,1.22,0.75,0.94,0.0,265.0,282.0,42.0,50.0,87.0,100.0,28 (32%),27 (32%),8 (36%),4 (21%),32.0,39.0,20.0,16.0,1,1,,,5 (56%),7 (41%),7.0,4.0,9.0,4.0,30.0,29.0,0.0,2.0,,,66.0,83.0,25 (41%),36 (59%),41 (47%),47 (53%),2 (40%),5 (50%),,,3.0,6.0,0.0,0.0
4203240,2023-12-26,League One,Burton Albion,Blackpool,1,0,9792,8483,34,66,0.59,0.48,8.0,10.0,2,0,1.0,0.0,1.0,0.0,140 (55%),383 (80%),14,13,3,8,,,3,6,3.0,4.0,1.0,0.0,4.0,5.0,4.0,5.0,0.11,0.4,0.48,0.08,0.59,0.48,1.23,0.03,255.0,478.0,65.0,221.0,75.0,162.0,20 (26%),26 (41%),3 (23%),6 (20%),20.0,32.0,9.0,23.0,2,3,,,9 (60%),8 (57%),6.0,2.0,4.0,2.0,26.0,21.0,0.0,1.0,,,56.0,65.0,34 (51%),33 (49%),22 (41%),32 (59%),7 (54%),6 (46%),,,2.0,1.0,0.0,0.0
4203241,2023-12-26,League One,Bristol Rovers,Portsmouth,2,1,10104,8462,37,63,0.81,2.12,12.0,12.0,3,6,1.0,4.0,0.0,4.0,197 (66%),424 (81%),13,16,3,3,,,6,4,3.0,2.0,1.0,0.0,8.0,9.0,4.0,3.0,0.51,1.58,0.3,0.54,0.81,2.12,1.55,2.97,299.0,522.0,100.0,247.0,97.0,177.0,20 (27%),41 (56%),4 (29%),3 (18%),21.0,31.0,23.0,26.0,3,0,,,15 (65%),9 (75%),11.0,6.0,2.0,3.0,19.0,16.0,5.0,1.0,,,57.0,46.0,44 (59%),30 (41%),13 (45%),16 (55%),5 (50%),6 (33%),,,4.0,6.0,0.0,0.0
4203580,2023-12-26,League Two,Walsall,Crewe Alexandra,2,0,10006,9784,41,59,1.5,0.64,15.0,15.0,5,4,3.0,1.0,1.0,1.0,197 (68%),322 (76%),9,11,5,4,,,5,6,5.0,5.0,1.0,0.0,7.0,7.0,8.0,8.0,0.79,0.41,0.71,0.23,1.5,0.64,1.83,0.37,288.0,422.0,75.0,180.0,122.0,142.0,38 (47%),35 (41%),7 (28%),6 (29%),18.0,23.0,22.0,20.0,1,2,,,9 (69%),9 (53%),9.0,10.0,5.0,5.0,18.0,23.0,4.0,3.0,,,55.0,57.0,30 (50%),30 (50%),25 (48%),27 (52%),6 (38%),5 (29%),,,1.0,5.0,0.0,0.0
4203581,2023-12-26,League Two,Salford City,Tranmere Rovers,1,5,282326,8313,51,49,0.8,1.58,10.0,20.0,5,9,0.0,2.0,0.0,1.0,343 (79%),308 (74%),7,11,4,3,,,3,5,2.0,6.0,0.0,0.0,6.0,15.0,4.0,5.0,0.77,1.53,0.04,0.05,0.8,1.58,0.66,2.95,436.0,418.0,186.0,132.0,157.0,176.0,36 (47%),29 (35%),4 (24%),2 (14%),32.0,35.0,12.0,41.0,0,1,,,8 (62%),10 (63%),12.0,5.0,6.0,1.0,19.0,18.0,4.0,4.0,,,57.0,46.0,30 (53%),27 (47%),27 (59%),19 (41%),6 (46%),5 (56%),,,3.0,1.0,1.0,0.0
4203582,2023-12-26,League Two,Notts County,Doncaster Rovers,3,0,9819,9903,80,20,3.05,1.66,19.0,13.0,9,4,7.0,2.0,4.0,2.0,859 (92%),172 (75%),6,11,13,3,,,3,6,7.0,3.0,0.0,1.0,16.0,10.0,3.0,3.0,2.82,0.67,0.23,0.21,3.05,0.87,4.38,1.15,930.0,229.0,468.0,127.0,391.0,45.0,32 (62%),16 (31%),9 (28%),3 (30%),16.0,8.0,39.0,19.0,2,3,,,4 (67%),11 (69%),2.0,12.0,3.0,7.0,5.0,38.0,4.0,7.0,,,30.0,36.0,22 (48%),24 (52%),8 (40%),12 (60%),5 (36%),2 (40%),,,0.0,2.0,0.0,0.0
4203583,2023-12-26,League Two,Milton Keynes Dons,Colchester United,1,0,8645,8416,65,35,2.64,0.39,28.0,7.0,4,3,5.0,0.0,4.0,0.0,683 (91%),326 (80%),12,8,11,1,,,11,2,13.0,2.0,1.0,1.0,16.0,1.0,12.0,6.0,2.13,0.33,0.51,0.05,2.64,0.39,1.28,0.22,754.0,406.0,266.0,244.0,417.0,82.0,30 (56%),22 (33%),4 (19%),2 (29%),14.0,12.0,45.0,5.0,0,1,,,7 (47%),7 (54%),7.0,5.0,2.0,13.0,6.0,20.0,3.0,3.0,,,36.0,40.0,30 (47%),34 (53%),6 (50%),6 (50%),7 (50%),10 (53%),,,3.0,1.0,0.0,0.0
4203584,2023-12-26,League Two,Mansfield Town,Grimsby Town,2,0,9818,10005,50,50,3.6,0.86,39.0,12.0,16,4,5.0,0.0,5.0,0.0,346 (79%),348 (77%),17,10,15,2,,,14,5,9.0,3.0,1.0,2.0,28.0,7.0,11.0,5.0,2.53,0.74,1.07,0.12,3.6,0.86,4.79,0.78,436.0,451.0,145.0,228.0,201.0,120.0,31 (43%),31 (41%),14 (40%),1 (10%),25.0,27.0,49.0,17.0,1,1,,,9 (53%),10 (71%),16.0,9.0,3.0,8.0,17.0,41.0,4.0,15.0,,,55.0,59.0,29 (42%),40 (58%),26 (58%),19 (42%),4 (36%),12 (75%),,,3.0,1.0,0.0,0.0
4203585,2023-12-26,League Two,Harrogate Town,Accrington Stanley,2,1,7946,8671,54,46,1.42,1.73,13.0,14.0,5,6,3.0,4.0,1.0,3.0,308 (72%),238 (67%),7,11,4,11,,,4,4,4.0,4.0,0.0,0.0,7.0,11.0,6.0,3.0,0.91,0.89,0.51,0.84,1.42,1.73,2.45,3.01,427.0,353.0,157.0,110.0,151.0,128.0,29 (38%),18 (32%),3 (20%),4 (13%),31.0,29.0,27.0,19.0,6,1,,,8 (89%),8 (67%),9.0,12.0,4.0,4.0,43.0,23.0,5.0,3.0,,,68.0,48.0,32 (58%),23 (42%),36 (59%),25 (41%),12 (63%),5 (50%),,,0.0,0.0,0.0,0.0
4203586,2023-12-26,League Two,Gillingham,Crawley Town,0,2,10173,8647,64,36,2.13,0.36,16.0,8.0,6,3,5.0,0.0,5.0,0.0,435 (82%),212 (68%),10,15,8,1,,,7,4,3.0,1.0,0.0,0.0,10.0,2.0,6.0,6.0,1.43,0.23,0.71,0.13,2.13,0.36,2.07,1.09,533.0,311.0,212.0,145.0,223.0,67.0,43 (50%),22 (26%),10 (30%),2 (29%),44.0,18.0,40.0,8.0,3,3,,,9 (47%),16 (70%),5.0,9.0,1.0,3.0,8.0,44.0,1.0,6.0,,,61.0,58.0,38 (50%),38 (50%),23 (53%),20 (47%),7 (39%),5 (38%),,,2.0,5.0,0.0,0.0
4203587,2023-12-26,League Two,Bradford City,Morecambe,2,2,8484,8489,57,43,2.47,0.96,16.0,7.0,6,2,6.0,2.0,4.0,0.0,300 (68%),211 (64%),7,9,5,5,,,8,3,2.0,2.0,1.0,1.0,13.0,4.0,3.0,3.0,1.89,0.41,0.59,0.55,2.47,0.96,2.06,1.49,438.0,330.0,76.0,112.0,224.0,99.0,45 (46%),16 (21%),9 (29%),3 (14%),30.0,29.0,39.0,20.0,0,1,,,11 (65%),6 (40%),10.0,13.0,2.0,1.0,26.0,45.0,0.0,4.0,,,85.0,59.0,31 (51%),30 (49%),54 (65%),29 (35%),5 (50%),9 (60%),,,2.0,3.0,0.0,0.0
4203588,2023-12-26,League Two,Barrow,Stockport County,2,2,6350,10007,35,65,2.97,1.04,13.0,16.0,6,5,5.0,1.0,3.0,0.0,185 (64%),447 (82%),17,14,2,6,,,5,5,2.0,6.0,0.0,0.0,12.0,10.0,1.0,6.0,2.47,0.66,0.5,0.37,2.97,1.04,3.81,1.49,291.0,546.0,87.0,213.0,98.0,234.0,22 (28%),29 (48%),6 (33%),7 (23%),12.0,28.0,20.0,25.0,2,3,,,12 (92%),3 (60%),9.0,4.0,6.0,2.0,26.0,17.0,3.0,3.0,,,52.0,57.0,31 (56%),24 (44%),21 (39%),33 (61%),4 (67%),4 (44%),,,2.0,4.0,0.0,0.0
4203589,2023-12-26,League Two,AFC Wimbledon,Sutton United,0,1,158319,158316,55,45,0.7,1.96,11.0,12.0,5,6,0.0,3.0,0.0,2.0,232 (62%),155 (52%),13,11,2,6,,,2,3,4.0,3.0,0.0,0.0,8.0,10.0,3.0,2.0,0.57,0.9,0.12,1.06,0.7,1.96,0.33,2.24,373.0,298.0,131.0,61.0,101.0,94.0,33 (34%),26 (31%),3 (20%),3 (17%),32.0,33.0,19.0,18.0,3,3,,,9 (60%),6 (60%),10.0,8.0,3.0,4.0,26.0,23.0,5.0,5.0,,,75.0,77.0,37 (57%),28 (43%),38 (44%),49 (56%),12 (60%),6 (50%),,,3.0,4.0,0.0,0.0
4203590,2023-12-29,League Two,AFC Wimbledon,Colchester United,5,3,158319,8416,48,52,3.11,1.76,32.0,14.0,13,4,7.0,4.0,4.0,1.0,308 (76%),335 (75%),16,7,5,2,,,16,7,3.0,3.0,0.0,0.0,21.0,7.0,11.0,7.0,2.47,1.0,0.64,0.75,3.11,1.76,3.2,2.53,407.0,448.0,102.0,210.0,206.0,125.0,28 (44%),27 (34%),10 (45%),5 (36%),29.0,19.0,40.0,13.0,2,0,,,9 (56%),10 (83%),11.0,14.0,3.0,4.0,16.0,22.0,1.0,7.0,,,64.0,53.0,34 (52%),32 (48%),30 (59%),21 (41%),11 (73%),5 (42%),,,3.0,1.0,0.0,1.0
4203591,2023-12-29,League Two,Barrow,Accrington Stanley,1,1,6350,8671,43,57,1.39,0.79,18.0,11.0,5,3,1.0,1.0,1.0,0.0,203 (67%),329 (80%),12,12,8,3,,,5,5,8.0,3.0,0.0,1.0,12.0,3.0,6.0,8.0,0.62,0.53,0.78,0.26,1.39,0.79,1.37,0.69,304.0,413.0,116.0,180.0,87.0,149.0,31 (44%),23 (40%),7 (29%),3 (14%),29.0,27.0,25.0,10.0,1,0,,,21 (75%),12 (57%),4.0,12.0,3.0,7.0,21.0,25.0,2.0,4.0,,,67.0,53.0,45 (49%),47 (51%),22 (79%),6 (21%),6 (33%),14 (45%),,,0.0,6.0,0.0,0.0
4203594,2023-12-29,League Two,Swindon Town,Forest Green Rovers,2,1,9795,9828,56,44,1.04,2.35,15.0,19.0,5,7,2.0,3.0,1.0,2.0,263 (70%),179 (62%),11,20,6,4,,,3,5,7.0,7.0,1.0,0.0,7.0,15.0,8.0,4.0,0.99,1.29,0.04,0.27,1.04,1.56,1.38,3.05,374.0,291.0,137.0,60.0,126.0,119.0,32 (41%),33 (39%),5 (25%),6 (23%),26.0,29.0,29.0,31.0,1,2,,,6 (75%),17 (81%),8.0,5.0,6.0,7.0,37.0,22.0,6.0,3.0,,,64.0,57.0,38 (53%),34 (47%),26 (53%),23 (47%),11 (46%),3 (30%),,,4.0,5.0,0.0,0.0
4203595,2023-12-29,League Two,Salford City,Grimsby Town,0,3,282326,10005,44,56,0.67,1.56,11.0,23.0,2,5,2.0,3.0,2.0,1.0,264 (74%),342 (80%),10,8,5,12,,,7,11,2.0,7.0,1.0,1.0,7.0,18.0,4.0,5.0,0.19,1.28,0.48,0.28,0.67,1.56,0.2,2.17,357.0,430.0,128.0,213.0,136.0,129.0,32 (46%),25 (42%),1 (6%),7 (23%),24.0,27.0,21.0,32.0,3,3,,,10 (63%),5 (50%),16.0,8.0,7.0,1.0,25.0,18.0,2.0,2.0,,,54.0,56.0,29 (48%),31 (52%),25 (50%),25 (50%),6 (67%),12 (63%),,,0.0,1.0,0.0,0.0
4203596,2023-12-29,League Two,Notts County,Morecambe,5,0,9819,8489,76,24,2.55,0.31,13.0,6.0,7,2,6.0,0.0,3.0,0.0,808 (94%),218 (83%),7,8,4,2,,,5,4,1.0,0.0,0.0,0.0,8.0,4.0,5.0,2.0,1.76,0.31,,,1.76,0.31,4.31,0.13,859.0,264.0,500.0,160.0,308.0,58.0,26 (59%),18 (49%),5 (36%),2 (13%),12.0,9.0,23.0,10.0,0,0,,,5 (50%),6 (55%),5.0,12.0,0.0,1.0,6.0,12.0,2.0,2.0,,,31.0,26.0,25 (53%),22 (47%),6 (60%),4 (40%),7 (44%),5 (50%),,,1.0,2.0,0.0,0.0
4203597,2023-12-29,League Two,Milton Keynes Dons,Crawley Town,2,0,8645,8647,42,58,1.93,1.77,13.0,11.0,8,3,3.0,5.0,3.0,5.0,354 (79%),515 (84%),7,9,6,2,,,4,5,1.0,3.0,0.0,0.0,9.0,8.0,4.0,3.0,1.93,1.71,0.0,0.05,1.93,1.77,2.29,1.67,450.0,610.0,224.0,300.0,130.0,215.0,25 (42%),44 (52%),3 (43%),5 (33%),11.0,24.0,17.0,30.0,1,1,,,6 (60%),3 (60%),9.0,9.0,2.0,1.0,23.0,9.0,3.0,6.0,,,43.0,35.0,28 (64%),16 (36%),15 (44%),19 (56%),10 (77%),5 (56%),,,3.0,1.0,0.0,1.0
4203598,2023-12-29,League Two,Mansfield Town,Doncaster Rovers,1,1,9818,9903,51,49,1.16,1.04,12.0,12.0,6,5,1.0,1.0,0.0,1.0,366 (79%),349 (77%),9,13,7,4,,,5,3,1.0,4.0,0.0,0.0,6.0,8.0,6.0,4.0,0.65,0.72,0.51,0.31,1.16,1.04,0.93,0.47,462.0,451.0,165.0,223.0,201.0,126.0,40 (51%),32 (39%),8 (28%),5 (42%),27.0,27.0,31.0,14.0,2,2,,,9 (56%),16 (76%),9.0,10.0,5.0,1.0,7.0,33.0,3.0,5.0,,,59.0,53.0,35 (49%),37 (51%),24 (60%),16 (40%),6 (35%),7 (47%),,,1.0,1.0,0.0,0.0
4203599,2023-12-29,League Two,Harrogate Town,Tranmere Rovers,0,2,7946,8313,59,41,2.04,0.7,13.0,11.0,3,4,3.0,1.0,3.0,0.0,391 (77%),233 (66%),5,9,7,6,,,6,3,4.0,4.0,0.0,0.0,9.0,7.0,4.0,4.0,1.87,0.57,0.17,0.13,2.04,0.7,0.41,1.57,505.0,351.0,196.0,73.0,195.0,160.0,30 (40%),27 (31%),7 (29%),2 (14%),30.0,24.0,25.0,19.0,3,0,,,9 (75%),12 (92%),16.0,15.0,4.0,3.0,21.0,25.0,2.0,3.0,,,49.0,44.0,28 (58%),20 (42%),21 (47%),24 (53%),8 (44%),2 (29%),,,1.0,2.0,0.0,0.0
4203600,2023-12-29,League Two,Gillingham,Sutton United,1,0,10173,158316,72,28,2.07,0.29,23.0,4.0,4,2,4.0,0.0,4.0,0.0,492 (83%),149 (60%),6,10,12,0,,,10,0,9.0,2.0,0.0,0.0,16.0,2.0,7.0,2.0,1.6,0.19,0.47,0.11,2.07,0.29,1.15,0.67,596.0,247.0,165.0,78.0,327.0,71.0,56 (62%),16 (24%),10 (22%),1 (33%),29.0,20.0,58.0,9.0,3,2,,,11 (65%),14 (67%),5.0,10.0,2.0,8.0,12.0,40.0,2.0,3.0,,,58.0,49.0,35 (56%),27 (44%),23 (51%),22 (49%),8 (44%),0 (0%),,,1.0,3.0,0.0,1.0
4203601,2023-12-29,League Two,Bradford City,Stockport County,0,0,8484,10007,41,59,0.62,0.63,8.0,10.0,1,1,0.0,0.0,0.0,0.0,200 (58%),357 (70%),16,7,6,3,,,5,6,2.0,3.0,0.0,0.0,6.0,8.0,2.0,2.0,0.62,0.26,0.0,0.38,0.62,0.63,0.19,0.02,343.0,512.0,73.0,194.0,127.0,163.0,24 (25%),22 (22%),6 (29%),4 (22%),42.0,39.0,22.0,13.0,2,1,,,6 (60%),7 (70%),10.0,11.0,3.0,2.0,15.0,26.0,1.0,1.0,,,50.0,57.0,21 (41%),30 (59%),29 (52%),27 (48%),5 (45%),4 (44%),,,2.0,2.0,0.0,0.0
4203708,2023-12-26,League Two,Swindon Town,Wrexham,0,1,9795,9841,56,44,1.18,1.56,17.0,15.0,2,4,2.0,3.0,2.0,2.0,331 (81%),251 (76%),8,10,8,5,,,10,6,5.0,5.0,1.0,0.0,11.0,8.0,6.0,7.0,0.94,1.51,0.24,0.05,1.18,1.56,0.29,1.52,409.0,331.0,192.0,118.0,139.0,133.0,30 (50%),30 (45%),4 (13%),4 (24%),29.0,15.0,22.0,20.0,0,2,,,3 (33%),14 (58%),9.0,6.0,5.0,4.0,21.0,26.0,3.0,2.0,,,38.0,55.0,29 (46%),34 (54%),9 (30%),21 (70%),10 (48%),3 (60%),,,1.0,0.0,0.0,1.0
4203709,2023-12-29,League Two,Newport County,Crewe Alexandra,1,1,10262,9784,50,50,1.23,1.8,19.0,23.0,3,4,2.0,3.0,1.0,2.0,234 (63%),251 (64%),10,6,7,5,,,7,11,9.0,8.0,0.0,0.0,11.0,16.0,8.0,7.0,1.0,1.39,0.23,0.41,1.23,1.8,0.97,1.68,373.0,394.0,73.0,134.0,161.0,117.0,30 (34%),20 (24%),8 (23%),7 (35%),26.0,30.0,29.0,24.0,2,0,,,13 (65%),7 (50%),14.0,9.0,8.0,8.0,20.0,35.0,4.0,2.0,,,63.0,97.0,30 (42%),41 (58%),33 (37%),56 (63%),6 (40%),18 (67%),,,0.0,1.0,0.0,0.0
4203710,2023-12-29,League Two,Walsall,Wrexham,3,1,10006,9841,49,51,2.62,2.03,22.0,16.0,8,5,4.0,3.0,2.0,2.0,298 (75%),311 (75%),7,9,2,4,,,7,6,7.0,5.0,0.0,1.0,12.0,8.0,10.0,8.0,2.4,0.81,0.21,0.43,2.62,1.24,3.48,1.66,400.0,415.0,99.0,182.0,199.0,129.0,37 (39%),26 (35%),7 (28%),4 (19%),24.0,20.0,26.0,27.0,2,2,,,7 (58%),14 (74%),7.0,4.0,3.0,7.0,18.0,17.0,4.0,5.0,,,62.0,56.0,35 (56%),28 (44%),27 (49%),28 (51%),14 (61%),4 (44%),,,3.0,1.0,0.0,0.0
4203725,2023-12-26,League Two,Newport County,Forest Green Rovers,4,2,10262,9828,64,36,2.16,1.42,13.0,12.0,7,4,3.0,2.0,1.0,1.0,328 (71%),138 (53%),10,22,7,7,,,1,3,5.0,5.0,0.0,0.0,11.0,10.0,2.0,2.0,1.15,0.87,1.01,0.55,2.16,1.42,2.72,1.46,460.0,262.0,132.0,55.0,196.0,83.0,39 (44%),22 (27%),5 (19%),7 (39%),37.0,27.0,35.0,22.0,2,3,,,7 (70%),10 (67%),12.0,8.0,5.0,3.0,17.0,39.0,3.0,3.0,,,60.0,68.0,33 (52%),31 (48%),27 (42%),37 (58%),3 (30%),6 (50%),,,3.0,4.0,0.0,1.0
4206356,2023-12-27,First Division A,Anderlecht,Cercle Brugge,2,0,8635,9984,50,50,1.41,0.92,7.0,19.0,4,7,2.0,0.0,0.0,0.0,271 (66%),254 (65%),9,13,2,12,,,2,10,1.0,2.0,1.0,0.0,5.0,11.0,2.0,8.0,1.39,0.68,0.02,0.24,1.41,0.92,1.5,1.62,410.0,389.0,166.0,75.0,105.0,179.0,38 (39%),22 (36%),2 (29%),6 (25%),17.0,27.0,14.0,43.0,3,4,,,13 (50%),21 (78%),20.0,9.0,2.0,1.0,40.0,9.0,7.0,2.0,,,74.0,60.0,53 (54%),46 (46%),21 (60%),14 (40%),15 (60%),10 (50%),,,1.0,1.0,0.0,0.0
4206360,2023-12-27,First Division A,Sporting Charleroi,KV Mechelen,3,1,9986,8203,34,66,1.98,0.94,15.0,11.0,6,5,3.0,1.0,1.0,0.0,218 (71%),489 (82%),10,9,5,7,,,7,4,2.0,2.0,0.0,1.0,9.0,8.0,6.0,3.0,1.48,0.87,0.5,0.07,1.98,0.94,2.1,1.35,305.0,595.0,90.0,306.0,128.0,183.0,16 (30%),33 (56%),7 (47%),5 (19%),24.0,28.0,27.0,22.0,1,3,,,10 (67%),11 (65%),13.0,7.0,2.0,2.0,43.0,12.0,4.0,3.0,,,55.0,46.0,30 (52%),28 (48%),25 (58%),18 (42%),6 (35%),3 (23%),,,2.0,1.0,0.0,0.0
4206361,2023-12-27,First Division A,Standard Liege,St.Truiden,1,1,9985,9997,48,52,1.15,0.9,11.0,18.0,2,8,1.0,2.0,0.0,2.0,366 (79%),411 (80%),14,14,4,4,,,3,9,6.0,1.0,1.0,1.0,7.0,12.0,4.0,6.0,0.25,0.81,0.11,0.09,0.36,0.9,1.08,2.24,464.0,512.0,196.0,248.0,170.0,163.0,30 (38%),38 (52%),2 (14%),5 (45%),20.0,14.0,16.0,23.0,2,2,,,10 (67%),10 (59%),8.0,13.0,0.0,6.0,15.0,23.0,7.0,1.0,,,43.0,58.0,32 (45%),39 (55%),11 (37%),19 (63%),4 (31%),10 (63%),,,1.0,3.0,0.0,0.0
4221090,2023-12-30,Premiership,Motherwell,Livingston,3,1,9927,8282,46,54,1.48,0.94,8.0,10.0,4,1,4.0,3.0,1.0,2.0,127 (47%),180 (54%),12,14,4,3,,,2,6,2.0,3.0,0.0,1.0,6.0,5.0,2.0,5.0,1.46,0.65,0.02,0.29,1.48,0.94,2.21,0.89,270.0,333.0,55.0,95.0,72.0,85.0,25 (26%),29 (30%),6 (29%),4 (29%),36.0,22.0,22.0,15.0,4,1,,,6 (86%),4 (50%),1.0,7.0,3.0,2.0,16.0,23.0,0.0,1.0,,,69.0,60.0,21 (48%),23 (52%),48 (56%),37 (44%),3 (43%),4 (67%),,,4.0,3.0,0.0,0.0
4221091,2023-12-30,Premiership,Kilmarnock,Dundee FC,2,2,8597,8284,58,42,0.69,0.53,11.0,8.0,4,2,2.0,0.0,0.0,0.0,275 (71%),188 (64%),12,10,7,8,,,1,6,6.0,0.0,0.0,1.0,8.0,6.0,3.0,2.0,0.38,0.27,0.31,0.26,0.69,0.53,1.91,0.37,390.0,292.0,122.0,66.0,153.0,122.0,40 (55%),19 (27%),9 (26%),5 (23%),27.0,30.0,29.0,25.0,0,1,,,7 (70%),9 (47%),3.0,11.0,0.0,5.0,35.0,36.0,0.0,2.0,,,61.0,72.0,26 (41%),37 (59%),35 (50%),35 (50%),6 (75%),6 (67%),,,2.0,2.0,0.0,0.0
4221104,2023-12-30,Premiership,Hearts,Ross County,2,2,9860,8649,63,37,1.87,1.54,20.0,14.0,7,4,1.0,2.0,0.0,2.0,421 (81%),205 (68%),14,14,9,5,,,6,5,7.0,5.0,0.0,0.0,13.0,8.0,7.0,6.0,1.66,1.38,0.21,0.16,1.87,1.54,1.34,1.02,522.0,303.0,211.0,84.0,210.0,121.0,37 (52%),23 (32%),4 (15%),4 (18%),23.0,18.0,32.0,22.0,2,2,,,7 (64%),12 (55%),5.0,10.0,5.0,6.0,16.0,26.0,3.0,5.0,,,56.0,50.0,35 (49%),37 (51%),21 (62%),13 (38%),11 (55%),3 (33%),,,1.0,2.0,0.0,0.0
4221105,2023-12-30,Premiership,Aberdeen,St. Mirren,0,3,8485,9800,67,33,1.03,2.73,19.0,10.0,3,5,0.0,3.0,0.0,1.0,443 (80%),184 (66%),9,11,13,2,,,6,1,10.0,4.0,0.0,0.0,15.0,8.0,4.0,2.0,0.4,1.12,0.63,0.03,1.03,1.15,0.56,2.4,551.0,278.0,233.0,93.0,210.0,91.0,24 (40%),21 (29%),7 (20%),6 (40%),34.0,13.0,35.0,27.0,2,0,,,9 (50%),16 (70%),5.0,8.0,3.0,10.0,16.0,39.0,2.0,3.0,,,49.0,54.0,32 (46%),39 (55%),17 (53%),15 (47%),5 (28%),8 (36%),,,1.0,0.0,0.0,0.0
4221118,2023-12-30,Premiership,Celtic,Rangers,2,1,9925,8548,56,44,0.64,0.97,12.0,14.0,5,3,1.0,0.0,1.0,0.0,380 (79%),263 (71%),18,14,4,2,,,4,5,3.0,6.0,0.0,0.0,5.0,9.0,7.0,5.0,0.53,0.86,0.11,0.1,0.64,0.97,1.01,0.59,478.0,371.0,202.0,156.0,178.0,107.0,33 (54%),29 (37%),3 (18%),3 (25%),31.0,26.0,22.0,23.0,3,1,,,10 (59%),13 (57%),7.0,15.0,5.0,3.0,18.0,20.0,2.0,3.0,,,57.0,58.0,41 (47%),47 (53%),16 (59%),11 (41%),10 (48%),6 (55%),,,7.0,3.0,0.0,1.0
4221119,2023-12-27,Premiership,Hibernian,Hearts,0,1,10251,9860,48,52,1.77,1.3,16.0,10.0,3,3,1.0,1.0,1.0,1.0,233 (70%),272 (72%),11,10,6,5,,,5,4,8.0,3.0,1.0,1.0,12.0,7.0,4.0,3.0,0.67,0.51,0.31,0.0,0.98,0.51,1.21,0.84,332.0,376.0,130.0,154.0,103.0,118.0,30 (56%),22 (33%),3 (14%),1 (7%),20.0,28.0,28.0,26.0,1,1,,,15 (68%),9 (45%),16.0,7.0,3.0,7.0,23.0,30.0,2.0,3.0,,,62.0,48.0,35 (51%),33 (49%),27 (64%),15 (36%),5 (33%),4 (31%),,,2.0,3.0,0.0,0.0
4221120,2023-12-27,Premiership,St. Mirren,Kilmarnock,0,1,9800,8597,60,40,0.46,0.81,11.0,12.0,6,3,0.0,1.0,0.0,0.0,273 (66%),145 (52%),7,10,4,4,,,3,5,2.0,4.0,0.0,0.0,6.0,4.0,5.0,8.0,0.43,0.56,0.03,0.24,0.46,0.81,0.35,0.87,413.0,280.0,122.0,61.0,151.0,84.0,42 (39%),18 (20%),2 (8%),1 (8%),45.0,24.0,19.0,12.0,5,3,,,10 (53%),14 (64%),4.0,11.0,3.0,2.0,16.0,45.0,2.0,6.0,,,81.0,68.0,35 (49%),36 (51%),46 (59%),32 (41%),7 (41%),7 (41%),,,3.0,2.0,0.0,0.0
4221122,2023-12-27,Premiership,Livingston,St. Johnstone,0,0,8282,8467,50,50,0.93,0.24,14.0,4.0,3,2,1.0,1.0,1.0,1.0,216 (62%),219 (61%),12,12,6,3,,,7,1,4.0,1.0,0.0,0.0,8.0,3.0,6.0,1.0,0.57,0.13,0.36,0.11,0.93,0.24,0.68,0.19,348.0,359.0,98.0,137.0,118.0,82.0,36 (43%),21 (29%),5 (20%),1 (11%),37.0,30.0,25.0,8.0,2,5,,,7 (47%),10 (67%),10.0,6.0,1.0,4.0,9.0,27.0,2.0,3.0,,,79.0,77.0,32 (48%),34 (52%),47 (52%),43 (48%),5 (45%),8 (53%),,,2.0,2.0,0.0,0.0
4221123,2023-12-26,Premiership,Dundee FC,Celtic,0,3,8284,9925,26,74,0.13,2.79,5.0,38.0,1,7,0.0,3.0,0.0,2.0,134 (56%),546 (85%),3,9,1,23,,,1,16,3.0,15.0,0.0,0.0,3.0,28.0,2.0,10.0,0.1,2.19,0.03,0.61,0.13,2.79,0.39,1.92,240.0,645.0,68.0,174.0,66.0,372.0,22 (28%),29 (63%),3 (60%),11 (22%),12.0,26.0,13.0,89.0,1,3,,,8 (67%),4 (31%),9.0,7.0,15.0,3.0,50.0,13.0,4.0,1.0,,,51.0,56.0,29 (56%),23 (44%),22 (40%),33 (60%),8 (57%),7 (54%),,,1.0,1.0,0.0,0.0
4221233,2023-12-30,Championship,Ayr United,Dunfermline Athletic,2,2,9913,8457,53,47,,,,,4,5,,,,,,,7,6,9,6,,,3,6,,,,,,,,,,,,,,,,,,,,,,,,,,,,,,,0,0,,,,,,,,,,,,,,,,,,,,,,,,,,,,
4221242,2023-12-29,Championship,Dundee United,Partick Thistle,3,0,9938,8426,57,43,,,,,6,1,,,,,,,11,8,7,7,,,9,4,,,,,,,,,,,,,,,,,,,,,,,,,,,,,,,0,0,,,,,,,,,,,,,,,,,,,,,,,,,,,,
4221243,2023-12-30,Championship,Inverness CT,Greenock Morton,0,0,8066,8648,56,44,,,,,0,0,,,,,,,6,7,2,4,,,3,2,,,,,,,,,,,,,,,,,,,,,,,,,,,,,,,0,0,,,,,,,,,,,,,,,,,,,,,,,,,,,,
4221244,2023-12-30,Championship,Queen's Park,Airdrieonians,1,2,8235,8176,54,46,,,,,2,6,,,,,,,15,14,6,4,,,3,2,,,,,,,,,,,,,,,,,,,,,,,,,,,,,,,0,0,,,,,,,,,,,,,,,,,,,,,,,,,,,,
4221253,2023-12-30,Championship,Raith Rovers,Arbroath,2,2,10250,8280,58,42,,,,,4,5,,,,,,,11,3,9,7,,,0,0,,,,,,,,,,,,,,,,,,,,,,,,,,,,,,,0,0,,,,,,,,,,,,,,,,,,,,,,,,,,,,
4221425,2023-12-30,League Two,Clyde,Stenhousemuir,1,2,8409,8143,44,56,,,,,2,2,,,,,,,13,9,0,0,,,4,3,,,,,,,,,,,,,,,,,,,,,,,,,,,,,,,0,0,,,,,,,,,,,,,,,,,,,,,,,,,,,,
4221426,2023-12-30,League Two,Elgin City,Peterhead,2,1,9914,8158,44,56,,,,,6,5,,,,,,,18,16,1,6,,,4,6,,,,,,,,,,,,,,,,,,,,,,,,,,,,,,,0,0,,,,,,,,,,,,,,,,,,,,,,,,,,,,
4221427,2023-12-30,League Two,Forfar Athletic,East Fife,0,0,8145,9758,54,46,,,,,2,4,,,,,,,9,13,2,5,,,4,1,,,,,,,,,,,,,,,,,,,,,,,,,,,,,,,0,0,,,,,,,,,,,,,,,,,,,,,,,,,,,,
4230704,2023-12-30,Serie A,Atalanta,Lecce,1,0,8524,9888,62,38,1.09,1.22,17.0,15.0,4,2,1.0,3.0,1.0,3.0,443 (81%),230 (72%),10,16,5,6,,,11,10,2.0,3.0,2.0,0.0,12.0,6.0,5.0,9.0,0.78,1.05,0.31,0.17,1.09,1.22,1.46,0.08,545.0,319.0,209.0,127.0,234.0,103.0,33 (46%),31 (46%),7 (30%),4 (20%),21.0,18.0,32.0,15.0,2,3,,,10 (59%),12 (60%),15.0,14.0,3.0,3.0,16.0,28.0,2.0,2.0,,,58.0,50.0,34 (47%),38 (53%),24 (67%),12 (33%),3 (25%),9 (82%),,,2.0,2.0,0.0,0.0
4230705,2023-12-30,Serie A,Cagliari,Empoli,0,0,8529,8534,50,50,1.77,0.28,14.0,5.0,3,1,1.0,0.0,1.0,0.0,230 (70%),254 (72%),18,18,8,6,,,9,3,2.0,1.0,0.0,0.0,10.0,3.0,4.0,2.0,0.5,0.2,0.48,0.09,0.98,0.28,1.24,0.33,329.0,354.0,105.0,163.0,125.0,91.0,42 (52%),36 (43%),9 (24%),2 (13%),25.0,16.0,24.0,14.0,3,3,,,8 (53%),10 (48%),9.0,7.0,1.0,2.0,17.0,34.0,1.0,3.0,,,64.0,64.0,33 (47%),37 (53%),31 (53%),27 (47%),1 (14%),1 (11%),,,1.0,3.0,0.0,0.0
4230706,2023-12-29,Serie A,Fiorentina,Torino,1,0,8535,9804,52,48,0.55,0.34,12.0,6.0,3,3,2.0,1.0,1.0,1.0,282 (79%),246 (74%),11,15,4,2,,,5,3,4.0,0.0,0.0,0.0,6.0,5.0,6.0,1.0,0.17,0.2,0.37,0.14,0.55,0.34,0.69,0.5,357.0,331.0,134.0,146.0,148.0,100.0,43 (57%),19 (32%),5 (23%),7 (32%),21.0,17.0,15.0,13.0,2,2,,,3 (50%),8 (62%),6.0,13.0,0.0,4.0,19.0,25.0,3.0,2.0,,,52.0,46.0,23 (47%),26 (53%),29 (59%),20 (41%),2 (33%),3 (43%),,,4.0,2.0,0.0,0.0
4230707,2023-12-29,Serie A,Genoa,Inter,1,1,10233,8636,48,52,0.54,1.81,13.0,16.0,4,6,0.0,1.0,0.0,0.0,293 (79%),366 (86%),13,15,8,2,,,5,6,4.0,4.0,0.0,1.0,10.0,13.0,3.0,3.0,0.15,0.72,0.39,1.09,0.54,1.81,0.67,2.03,372.0,426.0,151.0,185.0,142.0,181.0,18 (36%),16 (42%),10 (37%),3 (19%),16.0,16.0,22.0,27.0,0,0,,,6 (60%),5 (50%),5.0,3.0,4.0,4.0,13.0,28.0,5.0,3.0,,,40.0,38.0,24 (48%),26 (52%),16 (57%),12 (43%),4 (50%),3 (33%),,,2.0,2.0,0.0,0.0
4230708,2023-12-30,Serie A,Hellas Verona,Salernitana,0,1,9876,6480,48,52,0.79,0.52,11.0,9.0,0,3,1.0,2.0,1.0,2.0,254 (75%),273 (73%),14,13,7,6,,,9,3,2.0,3.0,0.0,0.0,9.0,6.0,2.0,3.0,0.49,0.28,0.29,0.24,0.79,0.52,0.0,1.1,340.0,374.0,134.0,97.0,120.0,176.0,30 (48%),25 (39%),8 (29%),7 (35%),19.0,28.0,18.0,30.0,2,0,,,13 (57%),7 (54%),13.0,2.0,3.0,2.0,24.0,20.0,2.0,0.0,,,71.0,52.0,48 (59%),34 (41%),23 (56%),18 (44%),13 (65%),10 (40%),,,2.0,2.0,0.0,0.0
4230710,2023-12-30,Serie A,AC Milan,Sassuolo,1,0,8564,7943,59,41,1.56,0.49,20.0,12.0,2,6,1.0,0.0,0.0,0.0,452 (88%),286 (81%),8,7,6,5,,,11,3,7.0,3.0,0.0,0.0,10.0,4.0,10.0,8.0,1.17,0.4,0.4,0.09,1.56,0.49,0.94,0.6,513.0,355.0,236.0,121.0,216.0,165.0,34 (56%),21 (45%),6 (43%),3 (14%),15.0,20.0,23.0,10.0,6,0,,,7 (58%),9 (69%),7.0,6.0,3.0,6.0,16.0,14.0,6.0,1.0,,,42.0,37.0,34 (56%),27 (44%),8 (44%),10 (56%),15 (65%),6 (46%),,,0.0,1.0,0.0,0.0
4230711,2023-12-30,Serie A,Udinese,Bologna,3,0,8600,9857,27,73,1.13,0.95,15.0,14.0,7,5,3.0,0.0,1.0,0.0,145 (75%),491 (88%),15,14,7,7,,,6,7,2.0,2.0,0.0,0.0,8.0,10.0,7.0,4.0,0.8,0.68,0.33,0.28,1.13,0.95,2.02,0.58,193.0,561.0,62.0,232.0,83.0,259.0,8 (26%),21 (50%),4 (24%),2 (13%),14.0,19.0,16.0,25.0,1,0,,,11 (69%),10 (48%),14.0,2.0,2.0,2.0,21.0,13.0,5.0,4.0,,,48.0,54.0,40 (48%),43 (52%),8 (42%),11 (58%),10 (42%),8 (53%),,,2.0,5.0,0.0,0.0
4230712,2023-12-29,Serie A,Lazio,Frosinone,3,1,8543,9891,54,46,1.56,1.13,13.0,11.0,5,2,3.0,1.0,2.0,0.0,372 (82%),298 (78%),18,15,6,2,,,5,5,3.0,4.0,1.0,0.0,9.0,4.0,4.0,7.0,1.02,0.22,0.53,0.12,1.56,0.34,1.96,1.02,455.0,384.0,227.0,208.0,145.0,90.0,38 (62%),23 (39%),6 (35%),4 (44%),26.0,25.0,21.0,15.0,2,0,,,10 (56%),8 (44%),11.0,4.0,4.0,3.0,14.0,23.0,1.0,2.0,,,68.0,51.0,48 (55%),39 (45%),20 (63%),12 (38%),17 (59%),6 (40%),,,3.0,2.0,0.0,0.0
4230713,2023-12-29,Serie A,SSC Napoli,Monza,0,0,9875,6504,58,42,1.97,1.37,25.0,8.0,9,3,4.0,1.0,4.0,1.0,437 (88%),290 (81%),10,21,10,1,,,10,2,6.0,3.0,0.0,0.0,19.0,7.0,6.0,1.0,1.52,0.57,0.45,0.02,1.97,0.58,1.7,1.21,496.0,360.0,158.0,212.0,279.0,78.0,35 (81%),23 (46%),10 (38%),5 (63%),21.0,13.0,36.0,15.0,0,2,,,7 (78%),13 (65%),7.0,9.0,2.0,6.0,8.0,26.0,3.0,9.0,,,49.0,39.0,37 (55%),30 (45%),12 (57%),9 (43%),8 (44%),2 (33%),,,4.0,4.0,0.0,1.0
4230709,2023-12-30,Serie A,Juventus,Roma,1,0,9885,8686,43,57,1.12,0.46,13.0,11.0,4,2,3.0,0.0,2.0,0.0,370 (84%),519 (87%),15,14,2,2,,,6,5,3.0,4.0,0.0,1.0,9.0,6.0,4.0,5.0,0.95,0.35,0.17,0.11,1.12,0.46,1.41,0.43,439.0,594.0,167.0,235.0,203.0,284.0,38 (60%),23 (43%),2 (13%),4 (21%),11.0,13.0,26.0,20.0,2,0,,,6 (86%),5 (50%),4.0,6.0,4.0,4.0,21.0,14.0,2.0,2.0,,,44.0,41.0,26 (53%),23 (47%),18 (50%),18 (50%),5 (56%),2 (40%),,,1.0,1.0,0.0,0.0
4233378,2023-12-30,Liga Portugal,Estoril,Farense,4,0,7842,6004,62,38,1.42,2.34,13.0,15.0,7,2,3.0,2.0,0.0,2.0,455 (85%),247 (78%),8,18,10,8,,,2,8,4.0,5.0,0.0,0.0,6.0,6.0,7.0,9.0,1.31,1.67,0.11,0.67,1.42,2.34,3.36,0.46,535.0,317.0,265.0,157.0,190.0,90.0,25 (57%),26 (48%),2 (11%),4 (15%),18.0,14.0,30.0,21.0,2,3,,,3 (50%),9 (60%),3.0,12.0,5.0,4.0,25.0,19.0,2.0,3.0,,,46.0,45.0,35 (54%),30 (46%),11 (42%),15 (58%),12 (57%),8 (73%),,,2.0,2.0,0.0,0.0
4233379,2023-12-30,Liga Portugal,Portimonense,Sporting CP,1,2,9765,9768,27,73,0.63,2.84,7.0,16.0,3,7,1.0,2.0,1.0,1.0,177 (71%),597 (90%),12,12,0,12,,,3,7,1.0,2.0,0.0,0.0,5.0,11.0,2.0,5.0,0.56,2.68,0.07,0.16,0.63,2.84,0.83,2.06,250.0,662.0,115.0,127.0,62.0,470.0,19 (37%),25 (74%),1 (13%),9 (20%),13.0,23.0,6.0,39.0,0,2,,,14 (74%),3 (38%),10.0,5.0,3.0,1.0,38.0,5.0,4.0,2.0,,,48.0,45.0,34 (55%),28 (45%),14 (45%),17 (55%),3 (43%),8 (44%),,,5.0,3.0,0.0,0.0
4233380,2023-12-30,Liga Portugal,Casa Pia AC,Braga,1,3,212821,10264,45,55,1.0,1.42,6.0,11.0,2,4,1.0,3.0,0.0,2.0,358 (84%),453 (86%),9,8,2,3,,,3,5,1.0,2.0,0.0,1.0,4.0,5.0,2.0,6.0,0.22,1.04,0.0,0.38,0.22,1.42,1.74,0.81,427.0,524.0,234.0,263.0,124.0,190.0,13 (34%),47 (61%),1 (8%),6 (38%),15.0,21.0,12.0,21.0,1,1,,,10 (91%),6 (60%),5.0,7.0,2.0,1.0,15.0,11.0,1.0,1.0,,,24.0,38.0,22 (46%),26 (54%),2 (14%),12 (86%),3 (60%),7 (58%),,,1.0,0.0,0.0,0.0
4233381,2023-12-28,Liga Portugal,Estrela da Amadora,Arouca,1,4,1074320,158085,39,61,0.94,4.05,5.0,19.0,1,8,2.0,5.0,1.0,1.0,256 (75%),470 (85%),6,12,3,5,,,4,7,0.0,4.0,0.0,2.0,4.0,12.0,1.0,7.0,0.71,2.59,0.23,0.67,0.94,3.26,0.7,4.65,342.0,551.0,181.0,288.0,75.0,182.0,26 (48%),30 (50%),3 (21%),1 (8%),23.0,19.0,8.0,29.0,2,1,,,9 (64%),10 (56%),9.0,4.0,4.0,0.0,22.0,7.0,4.0,0.0,,,43.0,37.0,31 (49%),32 (51%),12 (71%),5 (29%),7 (44%),8 (57%),,,0.0,3.0,1.0,0.0
4233382,2023-12-29,Liga Portugal,FC Porto,Chaves,1,0,9773,9774,68,32,1.41,0.52,19.0,6.0,8,2,1.0,1.0,1.0,1.0,477 (85%),177 (67%),20,11,8,3,,,6,3,5.0,1.0,0.0,1.0,15.0,5.0,4.0,1.0,1.29,0.52,0.13,0.01,1.41,0.52,1.79,0.42,560.0,264.0,159.0,123.0,318.0,54.0,24 (52%),24 (38%),3 (13%),1 (13%),26.0,22.0,37.0,7.0,0,0,,,7 (64%),5 (42%),10.0,9.0,1.0,6.0,8.0,21.0,2.0,6.0,,,41.0,54.0,28 (42%),39 (58%),13 (46%),15 (54%),7 (50%),11 (61%),,,3.0,5.0,0.0,0.0
4233383,2023-12-30,Liga Portugal,Gil Vicente,Boavista,1,0,9764,8613,54,46,1.35,0.58,13.0,8.0,3,2,1.0,1.0,0.0,1.0,418 (83%),343 (82%),16,15,4,3,,,7,2,3.0,4.0,0.0,1.0,6.0,6.0,7.0,2.0,0.37,0.44,0.19,0.15,0.56,0.58,1.31,0.88,506.0,420.0,256.0,213.0,162.0,130.0,25 (45%),37 (50%),4 (29%),4 (18%),23.0,23.0,22.0,18.0,1,3,,,11 (79%),11 (65%),6.0,7.0,4.0,1.0,16.0,28.0,2.0,2.0,,,51.0,55.0,36 (47%),40 (53%),15 (50%),15 (50%),9 (53%),8 (53%),,,0.0,1.0,0.0,0.0
4233387,2023-12-29,Liga Portugal,Benfica,Famalicao,3,0,9772,1634,57,43,1.75,0.82,17.0,14.0,11,2,4.0,1.0,2.0,1.0,441 (85%),302 (81%),21,14,6,4,,,4,9,2.0,3.0,0.0,1.0,9.0,8.0,8.0,6.0,1.53,0.75,0.22,0.08,1.75,0.82,2.73,0.53,519.0,372.0,217.0,217.0,224.0,85.0,31 (58%),32 (51%),1 (14%),8 (50%),14.0,10.0,24.0,19.0,2,3,,,16 (67%),16 (67%),9.0,9.0,3.0,2.0,17.0,12.0,2.0,8.0,,,56.0,66.0,45 (45%),56 (55%),11 (52%),10 (48%),9 (45%),12 (50%),,,2.0,3.0,0.0,0.0
3190152,2019-10-10,Friendlies,Algeria,DR Congo,1,1,6317,6321,59,41,,,,,17,11,,,,,,,19,15,4,3,,,4,5,,,,,,,,,,,,,,,,,,,,,,,,,,,,,,,3,2,,,,,,,,,,,,,,,,,,,,,,,,,,,,
4245221,2023-12-26,Serie B,Ascoli,Cittadella,0,0,8522,6485,47,53,,,12.0,11.0,5,3,1.0,1.0,1.0,1.0,175 (56%),224 (64%),17,17,6,2,,,5,8,2.0,0.0,0.0,1.0,6.0,7.0,6.0,4.0,,,,,,,,,311.0,348.0,61.0,110.0,114.0,114.0,27 (33%),35 (38%),5 (22%),2 (10%),41.0,25.0,21.0,14.0,2,1,,,9 (60%),12 (55%),5.0,5.0,0.0,2.0,19.0,34.0,3.0,5.0,,,64.0,69.0,38 (48%),42 (53%),26 (49%),27 (51%),6 (38%),4 (31%),,,3.0,4.0,0.0,0.0
4246497,2023-12-28,Thai League,Chonburi FC,Bangkok United,0,0,109378,102231,42,58,,,18.0,6.0,5,1,3.0,0.0,3.0,0.0,253 (81%),364 (83%),9,12,5,2,,,5,4,8.0,1.0,0.0,0.0,10.0,4.0,8.0,2.0,,,,,,,,,313.0,439.0,117.0,201.0,136.0,163.0,22 (45%),18 (41%),2 (13%),4 (25%),16.0,22.0,28.0,17.0,3,4,,,8 (73%),6 (50%),7.0,4.0,1.0,7.0,22.0,18.0,1.0,5.0,,,41.0,38.0,30 (52%),28 (48%),11 (52%),10 (48%),8 (57%),7 (70%),,,0.0,3.0,0.0,0.0
4246567,2023-12-28,Thai League,BG Pathum United,Chiangrai United,2,2,165250,243243,68,32,,,39.0,8.0,5,3,4.0,2.0,2.0,1.0,491 (89%),202 (74%),7,9,11,2,,,19,4,15.0,1.0,0.0,0.0,15.0,7.0,24.0,1.0,,,,,,,,,552.0,272.0,91.0,143.0,400.0,59.0,19 (63%),19 (37%),13 (21%),2 (29%),16.0,11.0,47.0,9.0,0,0,,,15 (79%),4 (40%),6.0,16.0,1.0,12.0,3.0,46.0,1.0,3.0,,,40.0,33.0,34 (61%),22 (39%),6 (35%),11 (65%),7 (64%),5 (36%),,,2.0,3.0,0.0,1.0
4246580,2023-12-28,Thai League,Prachuap FC,Buriram United,1,2,585025,165243,38,62,,,14.0,14.0,4,4,1.0,3.0,0.0,2.0,240 (80%),441 (88%),12,16,2,2,,,6,7,4.0,3.0,1.0,1.0,10.0,12.0,4.0,2.0,,,,,,,,,300.0,504.0,150.0,209.0,90.0,232.0,26 (46%),17 (47%),6 (32%),8 (57%),17.0,17.0,25.0,25.0,2,1,,,6 (50%),11 (73%),11.0,5.0,3.0,4.0,6.0,11.0,2.0,3.0,,,41.0,43.0,34 (52%),32 (48%),7 (39%),11 (61%),7 (54%),6 (43%),,,4.0,2.0,0.0,0.0
4249588,2023-12-30,Premier Soccer League,Sekhukhune United,Kaizer Chiefs,1,1,612014,6279,34,66,,,11.0,14.0,5,4,0.0,1.0,0.0,1.0,202 (72%),456 (84%),18,13,5,9,,,5,7,1.0,3.0,1.0,0.0,6.0,4.0,5.0,10.0,,,,,,,,,281.0,541.0,117.0,244.0,85.0,212.0,16 (26%),18 (44%),3 (27%),4 (15%),28.0,27.0,13.0,21.0,2,1,,,10 (59%),10 (56%),10.0,7.0,3.0,1.0,26.0,14.0,3.0,5.0,,,50.0,52.0,35 (48%),38 (52%),15 (52%),14 (48%),7 (39%),3 (30%),,,1.0,1.0,0.0,0.0
4249589,2023-12-30,Premier Soccer League,Mamelodi Sundowns FC,Polokwane City,0,0,4530,149600,78,22,,,10.0,9.0,2,1,0.0,0.0,0.0,0.0,622 (87%),108 (57%),6,13,7,2,,,5,3,3.0,5.0,0.0,0.0,4.0,3.0,6.0,6.0,,,,,,,,,711.0,190.0,297.0,51.0,325.0,57.0,20 (56%),21 (31%),0 (0%),4 (50%),20.0,12.0,26.0,5.0,3,1,,,7 (58%),11 (55%),6.0,17.0,5.0,3.0,9.0,26.0,1.0,2.0,,,43.0,42.0,31 (53%),28 (47%),12 (46%),14 (54%),6 (33%),4 (50%),,,0.0,3.0,0.0,0.0
4249590,2023-12-31,Premier Soccer League,Cape Town Spurs,Cape Town City FC,0,2,102091,773994,41,59,,,10.0,15.0,2,8,1.0,5.0,1.0,4.0,213 (70%),356 (80%),12,16,5,3,,,3,7,5.0,0.0,0.0,1.0,8.0,9.0,2.0,6.0,,,,,,,,,303.0,444.0,115.0,157.0,98.0,199.0,33 (43%),20 (33%),5 (31%),2 (9%),19.0,26.0,17.0,34.0,3,2,,,11 (69%),8 (44%),4.0,5.0,0.0,5.0,27.0,18.0,6.0,2.0,,,65.0,62.0,39 (46%),46 (54%),26 (62%),16 (38%),7 (35%),17 (81%),,,2.0,2.0,0.0,0.0
4249591,2023-12-30,Premier Soccer League,TS Galaxy,Chippa United,2,0,953498,316438,56,44,,,17.0,6.0,4,2,3.0,0.0,1.0,0.0,335 (79%),247 (73%),11,12,5,3,,,8,2,5.0,2.0,0.0,0.0,12.0,3.0,5.0,3.0,,,,,,,,,423.0,338.0,122.0,159.0,213.0,88.0,31 (52%),25 (40%),5 (23%),2 (33%),28.0,29.0,40.0,12.0,3,2,,,13 (76%),12 (63%),6.0,11.0,2.0,5.0,18.0,27.0,2.0,2.0,,,46.0,52.0,31 (46%),37 (54%),15 (50%),15 (50%),4 (31%),7 (44%),,,1.0,0.0,0.0,0.0
4249592,2023-12-30,Premier Soccer League,Richards Bay,SuperSport United,3,1,866690,102099,46,54,,,17.0,14.0,8,9,5.0,3.0,3.0,2.0,257 (77%),304 (78%),11,9,7,4,,,5,5,4.0,0.0,0.0,0.0,12.0,10.0,5.0,4.0,,,,,,,,,335.0,390.0,116.0,126.0,141.0,178.0,28 (47%),30 (50%),7 (39%),8 (30%),24.0,28.0,29.0,25.0,2,2,,,15 (68%),12 (100%),5.0,6.0,0.0,5.0,30.0,19.0,8.0,4.0,,,46.0,44.0,34 (60%),23 (40%),12 (36%),21 (64%),4 (44%),2 (14%),,,1.0,2.0,0.0,1.0
4249593,2023-12-29,Premier Soccer League,Orlando Pirates,Stellenbosch FC,2,3,7866,207873,62,38,,,15.0,12.0,4,6,2.0,3.0,0.0,2.0,398 (81%),207 (70%),10,13,9,5,,,8,6,3.0,0.0,0.0,0.0,11.0,10.0,4.0,2.0,,,,,,,,,492.0,297.0,184.0,103.0,214.0,104.0,36 (54%),21 (35%),6 (29%),3 (21%),25.0,30.0,27.0,21.0,2,1,,,15 (68%),11 (61%),5.0,8.0,0.0,2.0,26.0,30.0,3.0,2.0,,,66.0,51.0,43 (52%),40 (48%),23 (68%),11 (32%),9 (50%),12 (48%),,,0.0,3.0,0.0,0.0
4249594,2023-12-29,Premier Soccer League,AmaZulu FC,Royal AM,3,0,102100,102088,54,46,,,9.0,6.0,4,3,3.0,0.0,1.0,0.0,442 (83%),373 (81%),13,13,5,4,,,3,1,2.0,2.0,0.0,0.0,6.0,4.0,3.0,2.0,,,,,,,,,530.0,460.0,231.0,184.0,211.0,189.0,28 (47%),26 (55%),3 (25%),3 (27%),20.0,17.0,26.0,14.0,3,3,,,10 (91%),5 (36%),16.0,7.0,2.0,2.0,14.0,21.0,3.0,1.0,,,41.0,46.0,32 (48%),34 (52%),9 (43%),12 (57%),9 (56%),7 (58%),,,1.0,2.0,0.0,0.0
4256035,2023-12-30,Saudi Pro League,Al Fateh FC,Al Akhdoud,0,0,177356,582759,64,36,1.78,0.26,16.0,8.0,6,2,2.0,0.0,2.0,0.0,415 (85%),218 (76%),11,11,8,2,,,9,3,1.0,3.0,3.0,1.0,13.0,3.0,3.0,5.0,0.54,0.1,1.24,0.16,1.78,0.26,1.8,0.07,490.0,288.0,155.0,102.0,260.0,116.0,32 (54%),18 (33%),8 (27%),1 (11%),22.0,23.0,27.0,15.0,3,1,,,11 (55%),9 (60%),6.0,12.0,3.0,1.0,14.0,26.0,2.0,6.0,,,50.0,34.0,30 (54%),26 (46%),20 (71%),8 (29%),2 (20%),4 (27%),,,2.0,4.0,0.0,0.0
4256036,2023-12-29,Saudi Professional League,Al-Fayha,Al Hilal,0,2,582749,2529,27,73,0.05,2.1,2.0,15.0,0,6,0.0,3.0,0.0,1.0,155 (64%),556 (86%),11,12,1,4,,,1,7,1.0,2.0,0.0,1.0,2.0,12.0,0.0,3.0,0.03,0.84,0.03,0.47,0.05,1.31,0.0,2.5,241.0,647.0,89.0,216.0,66.0,340.0,23 (32%),15 (38%),2 (22%),5 (21%),20.0,25.0,7.0,36.0,5,4,,,13 (59%),11 (65%),14.0,5.0,2.0,1.0,36.0,6.0,4.0,0.0,,,45.0,47.0,37 (53%),33 (47%),8 (36%),14 (64%),6 (40%),5 (28%),,,5.0,1.0,0.0,0.0
4256038,2023-12-30,Saudi Pro League,Al Shabab,Al-Wehda,1,0,101916,6354,57,43,1.31,0.37,12.0,7.0,3,2,3.0,0.0,2.0,0.0,410 (85%),285 (78%),15,10,9,3,,,4,4,5.0,1.0,1.0,0.0,8.0,5.0,4.0,2.0,0.81,0.35,0.51,0.02,1.31,0.37,1.56,0.38,483.0,364.0,194.0,173.0,216.0,112.0,33 (47%),38 (57%),5 (23%),4 (29%),17.0,20.0,32.0,12.0,2,2,,,13 (68%),6 (55%),12.0,12.0,1.0,4.0,15.0,23.0,2.0,2.0,,,46.0,44.0,37 (52%),34 (48%),9 (47%),10 (53%),9 (56%),9 (60%),,,2.0,1.0,0.0,0.0
4256039,2023-12-29,Saudi Professional League,Al-Raed,Abha,4,3,150413,150414,59,41,2.67,0.87,19.0,6.0,7,5,2.0,3.0,1.0,0.0,400 (85%),268 (79%),14,13,3,0,,,7,1,5.0,0.0,0.0,0.0,15.0,4.0,4.0,2.0,1.19,0.68,1.48,0.19,2.67,0.87,2.17,2.31,473.0,339.0,201.0,181.0,199.0,87.0,30 (57%),25 (45%),7 (30%),1 (14%),23.0,20.0,31.0,5.0,0,0,,,8 (67%),10 (71%),4.0,5.0,0.0,4.0,8.0,27.0,2.0,3.0,,,47.0,46.0,30 (48%),33 (52%),17 (57%),13 (43%),9 (60%),6 (60%),,,2.0,3.0,0.0,0.0
4256040,2023-12-28,Saudi Professional League,Al-Ettifaq,Al Hazem,1,1,101915,101911,63,37,1.52,1.39,14.0,7.0,4,3,3.0,2.0,3.0,1.0,451 (89%),247 (79%),13,9,13,4,,,3,2,7.0,2.0,0.0,0.0,11.0,5.0,3.0,2.0,0.29,0.6,1.23,0.0,1.52,0.6,1.95,1.76,509.0,312.0,209.0,135.0,242.0,112.0,29 (54%),25 (47%),7 (19%),2 (18%),21.0,15.0,33.0,12.0,1,2,,,11 (73%),9 (82%),7.0,8.0,1.0,7.0,16.0,29.0,2.0,3.0,,,44.0,40.0,31 (51%),30 (49%),13 (57%),10 (43%),8 (53%),8 (47%),,,0.0,1.0,0.0,0.0
4256041,2023-12-29,Saudi Pro League,Al Ahli,Al Khaleej,1,0,2530,550433,60,40,1.66,0.14,15.0,6.0,6,3,4.0,0.0,3.0,0.0,428 (86%),256 (77%),23,19,8,2,,,6,2,3.0,1.0,0.0,0.0,9.0,4.0,6.0,2.0,0.65,0.12,0.22,0.03,0.87,0.14,1.9,0.21,496.0,333.0,156.0,177.0,272.0,79.0,30 (63%),31 (52%),3 (12%),2 (20%),24.0,21.0,20.0,10.0,0,0,,,10 (67%),17 (63%),8.0,9.0,1.0,3.0,14.0,29.0,3.0,5.0,,,55.0,68.0,50 (45%),62 (55%),5 (45%),6 (55%),16 (41%),14 (58%),,,2.0,4.0,0.0,0.0
4256042,2023-12-30,Saudi Professional League,Al-Taawoun,Al Nassr FC,1,4,205686,101918,45,55,1.88,2.27,13.0,20.0,8,6,3.0,4.0,2.0,2.0,401 (84%),530 (90%),13,15,0,5,,,3,11,2.0,3.0,0.0,2.0,5.0,15.0,8.0,5.0,0.53,2.14,0.57,0.13,1.09,2.27,2.49,1.92,479.0,587.0,211.0,293.0,190.0,237.0,32 (53%),49 (78%),1 (7%),7 (41%),14.0,13.0,14.0,37.0,3,3,,,11 (73%),7 (64%),6.0,12.0,3.0,2.0,16.0,13.0,2.0,7.0,,,45.0,42.0,35 (51%),34 (49%),10 (56%),8 (44%),5 (42%),11 (52%),,,2.0,3.0,0.0,0.0
4256043,2023-12-28,Saudi Professional League,Al Riyadh,Damac FC,1,0,582739,582823,36,64,0.58,1.01,4.0,12.0,2,1,2.0,1.0,1.0,1.0,243 (81%),467 (86%),24,14,1,6,,,2,6,0.0,5.0,1.0,0.0,3.0,5.0,1.0,7.0,0.58,0.45,0.0,0.56,0.58,1.01,1.02,0.5,301.0,542.0,130.0,223.0,113.0,244.0,39 (57%),38 (70%),2 (15%),4 (16%),12.0,18.0,3.0,27.0,3,5,,,6 (55%),3 (25%),9.0,7.0,5.0,0.0,26.0,11.0,1.0,1.0,,,38.0,59.0,29 (35%),54 (65%),9 (64%),5 (36%),6 (50%),19 (70%),,,2.0,2.0,0.0,0.0
4256177,2023-12-26,Saudi Professional League,Al Ittihad,Al Nassr FC,2,5,8577,101918,40,60,0.88,2.5,10.0,16.0,5,8,4.0,6.0,3.0,1.0,266 (79%),451 (89%),12,15,3,4,,,5,8,0.0,0.0,0.0,1.0,8.0,9.0,2.0,7.0,0.62,0.86,0.26,0.06,0.88,0.92,2.17,4.18,337.0,509.0,133.0,251.0,133.0,200.0,20 (54%),34 (76%),4 (44%),3 (14%),17.0,13.0,24.0,33.0,3,5,,,9 (60%),12 (57%),12.0,13.0,0.0,0.0,14.0,10.0,3.0,3.0,,,49.0,50.0,35 (44%),44 (56%),14 (70%),6 (30%),6 (35%),12 (60%),,,3.0,4.0,1.0,0.0
